{
  "cart": {
    "cartId": 22622758,
    "customerId": 15909055,
    "startDate": "2021-04-05T14:07:16.233Z",
    "cartType": "General",
    "cartMode": "General",
    "cartStatus": "Open",
    "orderSource": 1,
    "cartFlags": {
      "collectTax": false,
      "threePay": false,
      "phoneOrder": false,
      "showOrderTerms": false,
      "fiveInFive": false,
      "conversionTest": false,
      "isSamsClub": false,
      "bundle": false,
      "printingOptional": false,
      "amazon": false,
      "thirdPartyOrder": false,
      "ribbon": false
    },
    "cartItems": [
      {
        "cartItemId": 59471597,
        "parentCartItemId": null,
        "productComponentId": 113,
        "productConfigurationId": 147,
        "productName": "Express Gold LLC",
        "productTypeId": 2,
        "processingOrderId": 510518925,
        "basePrice": 359,
        "extendedPrice": 349,
        "adjustedPrice": 349,
        "quantity": 1,
        "isPrePaid": false,
        "shouldDisplayOnBill": true,
        "isCancelled": false,
        "productBasePriceId": 3058,
        "productPriceAdjustment": 1540,
        "stateId": 5,
        "countyId": null,
        "cartItemSource": "UserAction",
        "sourceOrderItemId": null,
        "lineNumber": 1,
        "dateCreated": "2021-04-05T17:00:11.473Z",
        "createdBy": "15909174",
        "dateUpdated": "2021-04-05T17:00:15.973Z",
        "updatedBy": "15909174"
      },
      {
        "cartItemId": 59471599,
        "parentCartItemId": 59471597,
        "productComponentId": 2311,
        "productConfigurationId": 5793,
        "productName": "Storage Subscription",
        "productTypeId": 9,
        "processingOrderId": null,
        "basePrice": 0,
        "extendedPrice": 0,
        "adjustedPrice": 0,
        "quantity": 1,
        "isPrePaid": false,
        "shouldDisplayOnBill": false,
        "isCancelled": false,
        "productBasePriceId": null,
        "productPriceAdjustment": null,
        "stateId": null,
        "countyId": null,
        "cartItemSource": "UserAction",
        "sourceOrderItemId": null,
        "lineNumber": 201,
        "dateCreated": "2021-04-05T16:58:47Z",
        "createdBy": "15909174",
        "dateUpdated": "2021-04-05T17:00:15.973Z",
        "updatedBy": "15909174"
      },
      {
        "cartItemId": 59471600,
        "parentCartItemId": 59471597,
        "productComponentId": 2499,
        "productConfigurationId": 6579,
        "productName": "Digital Download",
        "productTypeId": 3,
        "processingOrderId": null,
        "basePrice": 0,
        "extendedPrice": 0,
        "adjustedPrice": 0,
        "quantity": 1,
        "isPrePaid": false,
        "shouldDisplayOnBill": true,
        "isCancelled": false,
        "productBasePriceId": null,
        "productPriceAdjustment": null,
        "stateId": null,
        "countyId": null,
        "cartItemSource": "UserAction",
        "sourceOrderItemId": null,
        "lineNumber": 209,
        "dateCreated": "2021-04-05T16:58:47Z",
        "createdBy": "15909174",
        "dateUpdated": "2021-04-05T17:00:15.973Z",
        "updatedBy": "15909174"
      },
      {
        "cartItemId": 59471603,
        "parentCartItemId": 59471597,
        "productComponentId": 2794,
        "productConfigurationId": 7163,
        "productName": "Professional Printing - Express",
        "productTypeId": 7,
        "processingOrderId": null,
        "basePrice": 0,
        "extendedPrice": 0,
        "adjustedPrice": 0,
        "quantity": 1,
        "isPrePaid": false,
        "shouldDisplayOnBill": true,
        "isCancelled": false,
        "productBasePriceId": 8420,
        "productPriceAdjustment": 2228,
        "stateId": null,
        "countyId": null,
        "cartItemSource": "UserAction",
        "sourceOrderItemId": null,
        "lineNumber": 401,
        "dateCreated": "2021-04-05T17:00:12.04Z",
        "createdBy": null,
        "dateUpdated": "2021-04-05T17:00:15.973Z",
        "updatedBy": "15909174"
      },
      {
        "cartItemId": 59471604,
        "parentCartItemId": 59471597,
        "productComponentId": 492,
        "productConfigurationId": 805,
        "productName": "State Filing Fee - {state}",
        "productTypeId": 8,
        "processingOrderId": null,
        "basePrice": 70,
        "extendedPrice": 70,
        "adjustedPrice": 70,
        "quantity": 1,
        "isPrePaid": false,
        "shouldDisplayOnBill": true,
        "isCancelled": false,
        "productBasePriceId": 7326,
        "productPriceAdjustment": null,
        "stateId": 5,
        "countyId": null,
        "cartItemSource": "UserAction",
        "sourceOrderItemId": null,
        "lineNumber": 101,
        "dateCreated": "2021-04-05T17:00:12.147Z",
        "createdBy": null,
        "dateUpdated": "2021-04-05T17:00:15.973Z",
        "updatedBy": "15909174"
      },
      {
        "cartItemId": 59471605,
        "parentCartItemId": 59471597,
        "productComponentId": 132,
        "productConfigurationId": 5893,
        "productName": "Operating Agreement",
        "productTypeId": 3,
        "processingOrderId": null,
        "basePrice": 99,
        "extendedPrice": 99,
        "adjustedPrice": 99,
        "quantity": 1,
        "isPrePaid": false,
        "shouldDisplayOnBill": true,
        "isCancelled": false,
        "productBasePriceId": 7294,
        "productPriceAdjustment": null,
        "stateId": null,
        "countyId": null,
        "cartItemSource": "Questionnaire",
        "sourceOrderItemId": null,
        "lineNumber": 204,
        "dateCreated": "2021-04-05T17:00:12.257Z",
        "createdBy": null,
        "dateUpdated": "2021-04-05T17:00:15.973Z",
        "updatedBy": "15909174"
      },
      {
        "cartItemId": 59471606,
        "parentCartItemId": 59471597,
        "productComponentId": 2443,
        "productConfigurationId": 6292,
        "productName": "Tax Savings Analysis",
        "productTypeId": 3,
        "processingOrderId": null,
        "basePrice": 0,
        "extendedPrice": 0,
        "adjustedPrice": 0,
        "quantity": 1,
        "isPrePaid": false,
        "shouldDisplayOnBill": true,
        "isCancelled": false,
        "productBasePriceId": null,
        "productPriceAdjustment": null,
        "stateId": null,
        "countyId": null,
        "cartItemSource": "Questionnaire",
        "sourceOrderItemId": null,
        "lineNumber": 206,
        "dateCreated": "2021-04-05T17:00:12.363Z",
        "createdBy": null,
        "dateUpdated": "2021-04-05T17:00:15.973Z",
        "updatedBy": "15909174"
      },
      {
        "cartItemId": 59471607,
        "parentCartItemId": 59471597,
        "productComponentId": 553,
        "productConfigurationId": 4531,
        "productName": "EIN Obtainment",
        "productTypeId": 9,
        "processingOrderId": null,
        "basePrice": 79,
        "extendedPrice": 60,
        "adjustedPrice": 60,
        "quantity": 1,
        "isPrePaid": false,
        "shouldDisplayOnBill": true,
        "isCancelled": false,
        "productBasePriceId": 515,
        "productPriceAdjustment": 1556,
        "stateId": null,
        "countyId": null,
        "cartItemSource": "Questionnaire",
        "sourceOrderItemId": null,
        "lineNumber": 203,
        "dateCreated": "2021-04-05T17:00:12.477Z",
        "createdBy": null,
        "dateUpdated": "2021-04-05T17:00:15.973Z",
        "updatedBy": "15909174"
      },
      {
        "cartItemId": 59471608,
        "parentCartItemId": 59471597,
        "productComponentId": 1988,
        "productConfigurationId": 4384,
        "productName": "Statement of Information",
        "productTypeId": 9,
        "processingOrderId": null,
        "basePrice": 0,
        "extendedPrice": 0,
        "adjustedPrice": 0,
        "quantity": 1,
        "isPrePaid": false,
        "shouldDisplayOnBill": true,
        "isCancelled": false,
        "productBasePriceId": null,
        "productPriceAdjustment": null,
        "stateId": 5,
        "countyId": null,
        "cartItemSource": "Questionnaire",
        "sourceOrderItemId": null,
        "lineNumber": 202,
        "dateCreated": "2021-04-05T17:00:12.667Z",
        "createdBy": null,
        "dateUpdated": "2021-04-05T17:00:15.973Z",
        "updatedBy": "15909174"
      },
      {
        "cartItemId": 59471609,
        "parentCartItemId": 59471597,
        "productComponentId": 2429,
        "productConfigurationId": 6286,
        "productName": "Registered Agent Service",
        "productTypeId": 9,
        "processingOrderId": null,
        "basePrice": 0,
        "extendedPrice": 0,
        "adjustedPrice": 0,
        "quantity": 1,
        "isPrePaid": false,
        "shouldDisplayOnBill": true,
        "isCancelled": false,
        "productBasePriceId": 7567,
        "productPriceAdjustment": null,
        "stateId": null,
        "countyId": null,
        "cartItemSource": "Questionnaire",
        "sourceOrderItemId": null,
        "lineNumber": 205,
        "dateCreated": "2021-04-05T17:00:12.807Z",
        "createdBy": null,
        "dateUpdated": "2021-04-05T17:00:15.973Z",
        "updatedBy": "15909174"
      },
      {
        "cartItemId": 59471610,
        "parentCartItemId": 59471597,
        "productComponentId": 493,
        "productConfigurationId": 6342,
        "productName": "Business License Package",
        "productTypeId": 9,
        "processingOrderId": null,
        "basePrice": 99.99,
        "extendedPrice": 40,
        "adjustedPrice": 40,
        "quantity": 1,
        "isPrePaid": false,
        "shouldDisplayOnBill": true,
        "isCancelled": false,
        "productBasePriceId": 7194,
        "productPriceAdjustment": 1803,
        "stateId": null,
        "countyId": null,
        "cartItemSource": "Questionnaire",
        "sourceOrderItemId": null,
        "lineNumber": 207,
        "dateCreated": "2021-04-05T17:00:12.96Z",
        "createdBy": null,
        "dateUpdated": "2021-04-05T17:00:15.973Z",
        "updatedBy": "15909174"
      },
      {
        "cartItemId": 59471611,
        "parentCartItemId": 59471597,
        "productComponentId": 2804,
        "productConfigurationId": 7198,
        "productName": "Total Compliance",
        "productTypeId": 9,
        "processingOrderId": null,
        "basePrice": 0,
        "extendedPrice": 0,
        "adjustedPrice": 0,
        "quantity": 1,
        "isPrePaid": false,
        "shouldDisplayOnBill": true,
        "isCancelled": false,
        "productBasePriceId": 8431,
        "productPriceAdjustment": null,
        "stateId": 5,
        "countyId": null,
        "cartItemSource": "Questionnaire",
        "sourceOrderItemId": null,
        "lineNumber": 210,
        "dateCreated": "2021-04-05T17:00:13.103Z",
        "createdBy": null,
        "dateUpdated": "2021-04-05T17:00:15.973Z",
        "updatedBy": "15909174"
      },
      {
        "cartItemId": 59471612,
        "parentCartItemId": 59471597,
        "productComponentId": 2817,
        "productConfigurationId": 7328,
        "productName": "Legal Protect Plan",
        "productTypeId": 9,
        "processingOrderId": null,
        "basePrice": 0,
        "extendedPrice": 0,
        "adjustedPrice": 0,
        "quantity": 1,
        "isPrePaid": false,
        "shouldDisplayOnBill": true,
        "isCancelled": false,
        "productBasePriceId": null,
        "productPriceAdjustment": null,
        "stateId": 5,
        "countyId": null,
        "cartItemSource": "Questionnaire",
        "sourceOrderItemId": null,
        "lineNumber": 212,
        "dateCreated": "2021-04-05T17:00:13.247Z",
        "createdBy": null,
        "dateUpdated": "2021-04-05T17:00:15.973Z",
        "updatedBy": "15909174"
      },
      {
        "cartItemId": 59471613,
        "parentCartItemId": 59471597,
        "productComponentId": 646,
        "productConfigurationId": 3917,
        "productName": "Statement of Information Filing Fee",
        "productTypeId": 8,
        "processingOrderId": null,
        "basePrice": 20,
        "extendedPrice": 20,
        "adjustedPrice": 20,
        "quantity": 1,
        "isPrePaid": false,
        "shouldDisplayOnBill": true,
        "isCancelled": false,
        "productBasePriceId": 3092,
        "productPriceAdjustment": null,
        "stateId": 5,
        "countyId": null,
        "cartItemSource": "Questionnaire",
        "sourceOrderItemId": null,
        "lineNumber": 101,
        "dateCreated": "2021-04-05T17:00:13.383Z",
        "createdBy": null,
        "dateUpdated": "2021-04-05T17:00:15.973Z",
        "updatedBy": "15909174"
      },
      {
        "cartItemId": 59471614,
        "parentCartItemId": 59471597,
        "productComponentId": 2493,
        "productConfigurationId": 6553,
        "productName": "Digital Download",
        "productTypeId": 3,
        "processingOrderId": null,
        "basePrice": 0,
        "extendedPrice": 0,
        "adjustedPrice": 0,
        "quantity": 1,
        "isPrePaid": false,
        "shouldDisplayOnBill": true,
        "isCancelled": false,
        "productBasePriceId": null,
        "productPriceAdjustment": null,
        "stateId": null,
        "countyId": null,
        "cartItemSource": "UserAction",
        "sourceOrderItemId": null,
        "lineNumber": 208,
        "dateCreated": "2021-04-05T17:00:13.493Z",
        "createdBy": null,
        "dateUpdated": "2021-04-05T17:00:15.973Z",
        "updatedBy": "15909174"
      },
      {
        "cartItemId": 59471615,
        "parentCartItemId": 59471597,
        "productComponentId": 1546,
        "productConfigurationId": 2809,
        "productName": "Small Business Banking Consultation",
        "productTypeId": 3,
        "processingOrderId": null,
        "basePrice": 0,
        "extendedPrice": 0,
        "adjustedPrice": 0,
        "quantity": 1,
        "isPrePaid": false,
        "shouldDisplayOnBill": true,
        "isCancelled": false,
        "productBasePriceId": null,
        "productPriceAdjustment": null,
        "stateId": null,
        "countyId": null,
        "cartItemSource": "Questionnaire",
        "sourceOrderItemId": null,
        "lineNumber": 211,
        "dateCreated": "2021-04-05T17:00:17.117Z",
        "createdBy": null,
        "dateUpdated": "2021-04-05T17:00:17.117Z",
        "updatedBy": "15909174"
      }
    ],
    "dateCreated": "2021-04-05T16:58:46.74Z",
    "createdBy": "15909174",
    "dateUpdated": "2021-04-05T16:58:46.74Z",
    "updatedBy": "15909174"
  }
}