{
  "cart": {
    "cartId": 22622758,
    "customerId": 15909055,
    "startDate": "2021-04-05T09:04:52.3602326Z",
    "cartType": "General",
    "cartMode": "General",
    "cartStatus": "Open",
    "orderSource": 1,
    "cartFlags": {
      "collectTax": false,
      "threePay": false,
      "phoneOrder": false,
      "showOrderTerms": false,
      "fiveInFive": false,
      "conversionTest": false,
      "isSamsClub": false,
      "bundle": false,
      "printingOptional": false,
      "amazon": false,
      "thirdPartyOrder": false,
      "ribbon": false
    },
    "cartItems": [
      {
        "cartItemId": 59295954,
        "parentCartItemId": null,
        "productComponentId": 113,
        "productConfigurationId": 147,
        "productName": "Express Gold LLC",
        "productTypeId": 2,
        "processingOrderId": 510458592,
        "basePrice": 359,
        "extendedPrice": 349,
        "adjustedPrice": 349,
        "quantity": 1,
        "isPrePaid": false,
        "shouldDisplayOnBill": true,
        "isCancelled": false,
        "productBasePriceId": 3058,
        "productPriceAdjustment": 1540,
        "stateId": 5,
        "countyId": null,
        "cartItemSource": "UserAction",
        "sourceOrderItemId": null,
        "lineNumber": 1,
        "dateCreated": "2021-02-16T17:12:16.8Z",
        "createdBy": "15819428",
        "dateUpdated": "2021-02-16T17:12:23.02Z",
        "updatedBy": "15819428"
      },
      {
        "cartItemId": 59295955,
        "parentCartItemId": 59295954,
        "productComponentId": 322,
        "productConfigurationId": 804,
        "productName": "State Filing Fee - {state}",
        "productTypeId": 8,
        "processingOrderId": null,
        "basePrice": 70,
        "extendedPrice": 70,
        "adjustedPrice": 70,
        "quantity": 1,
        "isPrePaid": false,
        "shouldDisplayOnBill": true,
        "isCancelled": true,
        "productBasePriceId": 7325,
        "productPriceAdjustment": null,
        "stateId": 5,
        "countyId": null,
        "cartItemSource": "System",
        "sourceOrderItemId": null,
        "lineNumber": 101,
        "dateCreated": "2021-02-16T17:11:38.197Z",
        "createdBy": "15819428",
        "dateUpdated": "2021-02-16T17:12:23.02Z",
        "updatedBy": "15819428"
      },
      {
        "cartItemId": 59295956,
        "parentCartItemId": 59295954,
        "productComponentId": 2493,
        "productConfigurationId": 6553,
        "productName": "Digital Download",
        "productTypeId": 3,
        "processingOrderId": null,
        "basePrice": 0,
        "extendedPrice": 0,
        "adjustedPrice": 0,
        "quantity": 1,
        "isPrePaid": false,
        "shouldDisplayOnBill": true,
        "isCancelled": false,
        "productBasePriceId": null,
        "productPriceAdjustment": null,
        "stateId": null,
        "countyId": null,
        "cartItemSource": "UserAction",
        "sourceOrderItemId": null,
        "lineNumber": 201,
        "dateCreated": "2021-02-16T17:11:38.197Z",
        "createdBy": "15819428",
        "dateUpdated": "2021-02-16T17:12:23.02Z",
        "updatedBy": "15819428"
      },
      {
        "cartItemId": 59295957,
        "parentCartItemId": 59295954,
        "productComponentId": 2499,
        "productConfigurationId": 6579,
        "productName": "Digital Download",
        "productTypeId": 3,
        "processingOrderId": null,
        "basePrice": 0,
        "extendedPrice": 0,
        "adjustedPrice": 0,
        "quantity": 1,
        "isPrePaid": false,
        "shouldDisplayOnBill": true,
        "isCancelled": false,
        "productBasePriceId": null,
        "productPriceAdjustment": null,
        "stateId": null,
        "countyId": null,
        "cartItemSource": "UserAction",
        "sourceOrderItemId": null,
        "lineNumber": 209,
        "dateCreated": "2021-02-16T17:11:38.197Z",
        "createdBy": "15819428",
        "dateUpdated": "2021-02-16T17:12:23.02Z",
        "updatedBy": "15819428"
      },
      {
        "cartItemId": 59295962,
        "parentCartItemId": 59295954,
        "productComponentId": 2794,
        "productConfigurationId": 7163,
        "productName": "Professional Printing - Express",
        "productTypeId": 7,
        "processingOrderId": null,
        "basePrice": 0,
        "extendedPrice": 0,
        "adjustedPrice": 0,
        "quantity": 1,
        "isPrePaid": false,
        "shouldDisplayOnBill": true,
        "isCancelled": false,
        "productBasePriceId": 8420,
        "productPriceAdjustment": 2228,
        "stateId": null,
        "countyId": null,
        "cartItemSource": "UserAction",
        "sourceOrderItemId": null,
        "lineNumber": 401,
        "dateCreated": "2021-02-16T17:12:17.38Z",
        "createdBy": null,
        "dateUpdated": "2021-02-16T17:12:23.02Z",
        "updatedBy": "15819428"
      },
      {
        "cartItemId": 59295963,
        "parentCartItemId": 59295954,
        "productComponentId": 492,
        "productConfigurationId": 805,
        "productName": "State Filing Fee - {state}",
        "productTypeId": 8,
        "processingOrderId": null,
        "basePrice": 70,
        "extendedPrice": 70,
        "adjustedPrice": 70,
        "quantity": 1,
        "isPrePaid": false,
        "shouldDisplayOnBill": true,
        "isCancelled": false,
        "productBasePriceId": 7326,
        "productPriceAdjustment": null,
        "stateId": 5,
        "countyId": null,
        "cartItemSource": "UserAction",
        "sourceOrderItemId": null,
        "lineNumber": 101,
        "dateCreated": "2021-02-16T17:12:17.487Z",
        "createdBy": null,
        "dateUpdated": "2021-02-16T17:12:23.02Z",
        "updatedBy": "15819428"
      },
      {
        "cartItemId": 59295964,
        "parentCartItemId": 59295954,
        "productComponentId": 132,
        "productConfigurationId": 5893,
        "productName": "Operating Agreement",
        "productTypeId": 3,
        "processingOrderId": null,
        "basePrice": 99,
        "extendedPrice": 99,
        "adjustedPrice": 99,
        "quantity": 1,
        "isPrePaid": false,
        "shouldDisplayOnBill": true,
        "isCancelled": false,
        "productBasePriceId": 7294,
        "productPriceAdjustment": null,
        "stateId": null,
        "countyId": null,
        "cartItemSource": "Questionnaire",
        "sourceOrderItemId": null,
        "lineNumber": 205,
        "dateCreated": "2021-02-16T17:12:17.593Z",
        "createdBy": null,
        "dateUpdated": "2021-02-16T17:12:23.02Z",
        "updatedBy": "15819428"
      },
      {
        "cartItemId": 59295965,
        "parentCartItemId": 59295954,
        "productComponentId": 2443,
        "productConfigurationId": 6292,
        "productName": "Tax Savings Analysis",
        "productTypeId": 3,
        "processingOrderId": null,
        "basePrice": 0,
        "extendedPrice": 0,
        "adjustedPrice": 0,
        "quantity": 1,
        "isPrePaid": false,
        "shouldDisplayOnBill": true,
        "isCancelled": false,
        "productBasePriceId": null,
        "productPriceAdjustment": null,
        "stateId": null,
        "countyId": null,
        "cartItemSource": "Questionnaire",
        "sourceOrderItemId": null,
        "lineNumber": 207,
        "dateCreated": "2021-02-16T17:12:17.703Z",
        "createdBy": null,
        "dateUpdated": "2021-02-16T17:12:23.02Z",
        "updatedBy": "15819428"
      },
      {
        "cartItemId": 59295966,
        "parentCartItemId": 59295954,
        "productComponentId": 553,
        "productConfigurationId": 4531,
        "productName": "EIN Obtainment",
        "productTypeId": 9,
        "processingOrderId": null,
        "basePrice": 79,
        "extendedPrice": 60,
        "adjustedPrice": 60,
        "quantity": 1,
        "isPrePaid": false,
        "shouldDisplayOnBill": true,
        "isCancelled": false,
        "productBasePriceId": 515,
        "productPriceAdjustment": 1556,
        "stateId": null,
        "countyId": null,
        "cartItemSource": "Questionnaire",
        "sourceOrderItemId": null,
        "lineNumber": 203,
        "dateCreated": "2021-02-16T17:12:17.81Z",
        "createdBy": null,
        "dateUpdated": "2021-02-16T17:12:23.02Z",
        "updatedBy": "15819428"
      },
      {
        "cartItemId": 59295967,
        "parentCartItemId": 59295954,
        "productComponentId": 1988,
        "productConfigurationId": 4384,
        "productName": "Statement of Information",
        "productTypeId": 9,
        "processingOrderId": null,
        "basePrice": 0,
        "extendedPrice": 0,
        "adjustedPrice": 0,
        "quantity": 1,
        "isPrePaid": false,
        "shouldDisplayOnBill": true,
        "isCancelled": false,
        "productBasePriceId": null,
        "productPriceAdjustment": null,
        "stateId": 5,
        "countyId": null,
        "cartItemSource": "Questionnaire",
        "sourceOrderItemId": null,
        "lineNumber": 202,
        "dateCreated": "2021-02-16T17:12:17.917Z",
        "createdBy": null,
        "dateUpdated": "2021-02-16T17:12:23.02Z",
        "updatedBy": "15819428"
      },
      {
        "cartItemId": 59295968,
        "parentCartItemId": 59295954,
        "productComponentId": 2429,
        "productConfigurationId": 6286,
        "productName": "Registered Agent Service",
        "productTypeId": 9,
        "processingOrderId": null,
        "basePrice": 0,
        "extendedPrice": 0,
        "adjustedPrice": 0,
        "quantity": 1,
        "isPrePaid": false,
        "shouldDisplayOnBill": true,
        "isCancelled": false,
        "productBasePriceId": 7567,
        "productPriceAdjustment": null,
        "stateId": null,
        "countyId": null,
        "cartItemSource": "Questionnaire",
        "sourceOrderItemId": null,
        "lineNumber": 206,
        "dateCreated": "2021-02-16T17:12:18.023Z",
        "createdBy": null,
        "dateUpdated": "2021-02-16T17:12:23.02Z",
        "updatedBy": "15819428"
      },
      {
        "cartItemId": 59295969,
        "parentCartItemId": 59295954,
        "productComponentId": 493,
        "productConfigurationId": 6342,
        "productName": "Business License Package",
        "productTypeId": 9,
        "processingOrderId": null,
        "basePrice": 99.99,
        "extendedPrice": 40,
        "adjustedPrice": 40,
        "quantity": 1,
        "isPrePaid": false,
        "shouldDisplayOnBill": true,
        "isCancelled": false,
        "productBasePriceId": 7194,
        "productPriceAdjustment": 1803,
        "stateId": null,
        "countyId": null,
        "cartItemSource": "Questionnaire",
        "sourceOrderItemId": null,
        "lineNumber": 208,
        "dateCreated": "2021-02-16T17:12:18.13Z",
        "createdBy": null,
        "dateUpdated": "2021-02-16T17:12:23.02Z",
        "updatedBy": "15819428"
      },
      {
        "cartItemId": 59295970,
        "parentCartItemId": 59295954,
        "productComponentId": 2804,
        "productConfigurationId": 7198,
        "productName": "Total Compliance",
        "productTypeId": 9,
        "processingOrderId": null,
        "basePrice": 0,
        "extendedPrice": 0,
        "adjustedPrice": 0,
        "quantity": 1,
        "isPrePaid": false,
        "shouldDisplayOnBill": true,
        "isCancelled": false,
        "productBasePriceId": 8431,
        "productPriceAdjustment": null,
        "stateId": 5,
        "countyId": null,
        "cartItemSource": "Questionnaire",
        "sourceOrderItemId": null,
        "lineNumber": 210,
        "dateCreated": "2021-02-16T17:12:18.24Z",
        "createdBy": null,
        "dateUpdated": "2021-02-16T17:12:23.02Z",
        "updatedBy": "15819428"
      },
      {
        "cartItemId": 59295971,
        "parentCartItemId": 59295954,
        "productComponentId": 2817,
        "productConfigurationId": 7328,
        "productName": "Legal Protect",
        "productTypeId": 9,
        "processingOrderId": null,
        "basePrice": 0,
        "extendedPrice": 0,
        "adjustedPrice": 0,
        "quantity": 1,
        "isPrePaid": false,
        "shouldDisplayOnBill": true,
        "isCancelled": false,
        "productBasePriceId": null,
        "productPriceAdjustment": null,
        "stateId": 5,
        "countyId": null,
        "cartItemSource": "Questionnaire",
        "sourceOrderItemId": null,
        "lineNumber": 212,
        "dateCreated": "2021-02-16T17:12:18.347Z",
        "createdBy": null,
        "dateUpdated": "2021-02-16T17:12:23.02Z",
        "updatedBy": "15819428"
      },
      {
        "cartItemId": 59295972,
        "parentCartItemId": 59295954,
        "productComponentId": 646,
        "productConfigurationId": 3917,
        "productName": "Statement of Information Filing Fee",
        "productTypeId": 8,
        "processingOrderId": null,
        "basePrice": 20,
        "extendedPrice": 20,
        "adjustedPrice": 20,
        "quantity": 1,
        "isPrePaid": false,
        "shouldDisplayOnBill": true,
        "isCancelled": false,
        "productBasePriceId": 3092,
        "productPriceAdjustment": null,
        "stateId": 5,
        "countyId": null,
        "cartItemSource": "Questionnaire",
        "sourceOrderItemId": null,
        "lineNumber": 101,
        "dateCreated": "2021-02-16T17:12:18.457Z",
        "createdBy": null,
        "dateUpdated": "2021-02-16T17:12:23.02Z",
        "updatedBy": "15819428"
      },
      {
        "cartItemId": 59295973,
        "parentCartItemId": 59295954,
        "productComponentId": 2311,
        "productConfigurationId": 5793,
        "productName": "Storage Subscription",
        "productTypeId": 9,
        "processingOrderId": null,
        "basePrice": 0,
        "extendedPrice": 0,
        "adjustedPrice": 0,
        "quantity": 1,
        "isPrePaid": false,
        "shouldDisplayOnBill": false,
        "isCancelled": false,
        "productBasePriceId": null,
        "productPriceAdjustment": null,
        "stateId": null,
        "countyId": null,
        "cartItemSource": "UserAction",
        "sourceOrderItemId": null,
        "lineNumber": 204,
        "dateCreated": "2021-02-16T17:12:18.567Z",
        "createdBy": null,
        "dateUpdated": "2021-02-16T17:12:23.02Z",
        "updatedBy": "15819428"
      },
      {
        "cartItemId": 59295974,
        "parentCartItemId": 59295954,
        "productComponentId": 1546,
        "productConfigurationId": 2809,
        "productName": "Small Business Banking Consultation",
        "productTypeId": 3,
        "processingOrderId": null,
        "basePrice": 0,
        "extendedPrice": 0,
        "adjustedPrice": 0,
        "quantity": 1,
        "isPrePaid": false,
        "shouldDisplayOnBill": true,
        "isCancelled": false,
        "productBasePriceId": null,
        "productPriceAdjustment": null,
        "stateId": null,
        "countyId": null,
        "cartItemSource": "Questionnaire",
        "sourceOrderItemId": null,
        "lineNumber": 211,
        "dateCreated": "2021-02-16T17:12:23.173Z",
        "createdBy": null,
        "dateUpdated": "2021-02-16T17:12:23.173Z",
        "updatedBy": "15819428"
      }
    ],
    "dateCreated": "2021-02-16T17:11:37.98Z",
    "createdBy": "15819428",
    "dateUpdated": "2021-02-16T17:11:37.98Z",
    "updatedBy": "15819428"
  }
}