{
    "cartId": 22622758,
    "customerId": 15909055,
    "totalTax": 0,
    "storeCreditAvailable": 0,
    "totalAmount": 407,
    "totalDiscount": 0,
    "discountCode": null,
    "cartBalance": 407,
    "cartDiscounts": [
      {
        "cartId": 0,
        "discountType": "Unset",
        "discountMethod": "Unset",
        "memberGroupCodeId": null,
        "userDiscountId": null,
        "percentage": null,
        "discount": 0,
        "customerDiscount": null,
        "memberGroupDiscount": null,
        "customerId": 0,
        "discountCode": null
      }
    ],
    "cartInstallments": {
      "firstInstallment": {
        "installmentAmount": 135.67,
        "dueDate": "2021-04-05T07:00:00Z"
      },
      "secondInstallment": {
        "installmentAmount": 135.67,
        "dueDate": "2021-05-05T07:00:00Z"
      },
      "thirdInstallment": {
        "installmentAmount": 135.66,
        "dueDate": "2021-06-05T07:00:00Z"
      }
    }
  }