{
  "cart": {
    "cartId": 22622758,
    "customerId": 15909055,
    "startDate": "2021-04-05T02:04:52.36Z",
    "cartType": "General",
    "cartMode": "General",
    "cartStatus": "Open",
    "orderSource": 1,
    "cartFlags": {
      "collectTax": false,
      "threePay": false,
      "phoneOrder": false,
      "showOrderTerms": false,
      "fiveInFive": false,
      "conversionTest": false,
      "isSamsClub": false,
      "bundle": false,
      "printingOptional": false,
      "amazon": false,
      "thirdPartyOrder": false,
      "ribbon": false
    },
    "cartItems": [
      {
        "cartItemId": 59470631,
        "parentCartItemId": null,
        "productComponentId": 111,
        "productConfigurationId": 145,
        "productName": "Economy LLC",
        "productTypeId": 2,
        "processingOrderId": 510518753,
        "basePrice": 149,
        "extendedPrice": 79,
        "adjustedPrice": 79,
        "quantity": 1,
        "isPrePaid": false,
        "shouldDisplayOnBill": true,
        "isCancelled": false,
        "productBasePriceId": 6098,
        "productPriceAdjustment": 1538,
        "stateId": 5,
        "countyId": null,
        "cartItemSource": "UserAction",
        "sourceOrderItemId": null,
        "lineNumber": 1,
        "dateCreated": "2021-04-05T11:29:14.143Z",
        "createdBy": "15909055",
        "dateUpdated": "2021-04-05T11:29:14.647Z",
        "updatedBy": "15909055"
      },
      {
        "cartItemId": 59470633,
        "parentCartItemId": 59470631,
        "productComponentId": 2311,
        "productConfigurationId": 5793,
        "productName": "Storage Subscription",
        "productTypeId": 9,
        "processingOrderId": null,
        "basePrice": 0,
        "extendedPrice": 0,
        "adjustedPrice": 0,
        "quantity": 1,
        "isPrePaid": false,
        "shouldDisplayOnBill": false,
        "isCancelled": false,
        "productBasePriceId": null,
        "productPriceAdjustment": null,
        "stateId": null,
        "countyId": null,
        "cartItemSource": "UserAction",
        "sourceOrderItemId": null,
        "lineNumber": 201,
        "dateCreated": "2021-04-05T11:27:59.613Z",
        "createdBy": "15909055",
        "dateUpdated": "2021-04-05T11:29:14.647Z",
        "updatedBy": "15909055"
      },
      {
        "cartItemId": 59470634,
        "parentCartItemId": 59470631,
        "productComponentId": 2493,
        "productConfigurationId": 6553,
        "productName": "Digital Download",
        "productTypeId": 3,
        "processingOrderId": null,
        "basePrice": 0,
        "extendedPrice": 0,
        "adjustedPrice": 0,
        "quantity": 1,
        "isPrePaid": false,
        "shouldDisplayOnBill": true,
        "isCancelled": false,
        "productBasePriceId": null,
        "productPriceAdjustment": null,
        "stateId": null,
        "countyId": null,
        "cartItemSource": "UserAction",
        "sourceOrderItemId": null,
        "lineNumber": 202,
        "dateCreated": "2021-04-05T11:27:59.613Z",
        "createdBy": "15909055",
        "dateUpdated": "2021-04-05T11:29:14.647Z",
        "updatedBy": "15909055"
      },
      {
        "cartItemId": 59470635,
        "parentCartItemId": 59470631,
        "productComponentId": 2499,
        "productConfigurationId": 6579,
        "productName": "Digital Download",
        "productTypeId": 3,
        "processingOrderId": null,
        "basePrice": 0,
        "extendedPrice": 0,
        "adjustedPrice": 0,
        "quantity": 1,
        "isPrePaid": false,
        "shouldDisplayOnBill": true,
        "isCancelled": false,
        "productBasePriceId": null,
        "productPriceAdjustment": null,
        "stateId": null,
        "countyId": null,
        "cartItemSource": "UserAction",
        "sourceOrderItemId": null,
        "lineNumber": 209,
        "dateCreated": "2021-04-05T11:27:59.613Z",
        "createdBy": "15909055",
        "dateUpdated": "2021-04-05T11:29:14.647Z",
        "updatedBy": "15909055"
      },
      {
        "cartItemId": 59470641,
        "parentCartItemId": 59470631,
        "productComponentId": 322,
        "productConfigurationId": 803,
        "productName": "State Filing Fee - {state}",
        "productTypeId": 8,
        "processingOrderId": null,
        "basePrice": 70,
        "extendedPrice": 70,
        "adjustedPrice": 70,
        "quantity": 1,
        "isPrePaid": false,
        "shouldDisplayOnBill": true,
        "isCancelled": false,
        "productBasePriceId": 7325,
        "productPriceAdjustment": null,
        "stateId": 5,
        "countyId": null,
        "cartItemSource": "Questionnaire",
        "sourceOrderItemId": null,
        "lineNumber": 101,
        "dateCreated": "2021-04-05T11:29:14.783Z",
        "createdBy": null,
        "dateUpdated": "2021-04-05T11:29:14.783Z",
        "updatedBy": "15909055"
      },
      {
        "cartItemId": 59470642,
        "parentCartItemId": 59470631,
        "productComponentId": 132,
        "productConfigurationId": 5893,
        "productName": "Operating Agreement",
        "productTypeId": 3,
        "processingOrderId": null,
        "basePrice": 99,
        "extendedPrice": 99,
        "adjustedPrice": 99,
        "quantity": 1,
        "isPrePaid": false,
        "shouldDisplayOnBill": true,
        "isCancelled": false,
        "productBasePriceId": 7294,
        "productPriceAdjustment": null,
        "stateId": null,
        "countyId": null,
        "cartItemSource": "Questionnaire",
        "sourceOrderItemId": null,
        "lineNumber": 205,
        "dateCreated": "2021-04-05T11:29:14.913Z",
        "createdBy": null,
        "dateUpdated": "2021-04-05T11:29:14.913Z",
        "updatedBy": "15909055"
      },
      {
        "cartItemId": 59470643,
        "parentCartItemId": 59470631,
        "productComponentId": 2443,
        "productConfigurationId": 6292,
        "productName": "Tax Savings Analysis",
        "productTypeId": 3,
        "processingOrderId": null,
        "basePrice": 0,
        "extendedPrice": 0,
        "adjustedPrice": 0,
        "quantity": 1,
        "isPrePaid": false,
        "shouldDisplayOnBill": true,
        "isCancelled": false,
        "productBasePriceId": null,
        "productPriceAdjustment": null,
        "stateId": null,
        "countyId": null,
        "cartItemSource": "Questionnaire",
        "sourceOrderItemId": null,
        "lineNumber": 207,
        "dateCreated": "2021-04-05T11:29:15.04Z",
        "createdBy": null,
        "dateUpdated": "2021-04-05T11:29:15.04Z",
        "updatedBy": "15909055"
      },
      {
        "cartItemId": 59470644,
        "parentCartItemId": 59470631,
        "productComponentId": 553,
        "productConfigurationId": 4532,
        "productName": "EIN Obtainment",
        "productTypeId": 9,
        "processingOrderId": null,
        "basePrice": 79,
        "extendedPrice": 60,
        "adjustedPrice": 60,
        "quantity": 1,
        "isPrePaid": false,
        "shouldDisplayOnBill": true,
        "isCancelled": false,
        "productBasePriceId": 515,
        "productPriceAdjustment": 1554,
        "stateId": null,
        "countyId": null,
        "cartItemSource": "Questionnaire",
        "sourceOrderItemId": null,
        "lineNumber": 204,
        "dateCreated": "2021-04-05T11:29:15.173Z",
        "createdBy": null,
        "dateUpdated": "2021-04-05T11:29:15.173Z",
        "updatedBy": "15909055"
      },
      {
        "cartItemId": 59470645,
        "parentCartItemId": 59470631,
        "productComponentId": 1988,
        "productConfigurationId": 4384,
        "productName": "Statement of Information",
        "productTypeId": 9,
        "processingOrderId": null,
        "basePrice": 0,
        "extendedPrice": 0,
        "adjustedPrice": 0,
        "quantity": 1,
        "isPrePaid": false,
        "shouldDisplayOnBill": true,
        "isCancelled": false,
        "productBasePriceId": null,
        "productPriceAdjustment": null,
        "stateId": 5,
        "countyId": null,
        "cartItemSource": "Questionnaire",
        "sourceOrderItemId": null,
        "lineNumber": 203,
        "dateCreated": "2021-04-05T11:29:15.303Z",
        "createdBy": null,
        "dateUpdated": "2021-04-05T11:29:15.303Z",
        "updatedBy": "15909055"
      },
      {
        "cartItemId": 59470646,
        "parentCartItemId": 59470631,
        "productComponentId": 2429,
        "productConfigurationId": 6286,
        "productName": "Registered Agent Service",
        "productTypeId": 9,
        "processingOrderId": null,
        "basePrice": 0,
        "extendedPrice": 0,
        "adjustedPrice": 0,
        "quantity": 1,
        "isPrePaid": false,
        "shouldDisplayOnBill": true,
        "isCancelled": false,
        "productBasePriceId": 7567,
        "productPriceAdjustment": null,
        "stateId": null,
        "countyId": null,
        "cartItemSource": "Questionnaire",
        "sourceOrderItemId": null,
        "lineNumber": 206,
        "dateCreated": "2021-04-05T11:29:15.427Z",
        "createdBy": null,
        "dateUpdated": "2021-04-05T11:29:15.427Z",
        "updatedBy": "15909055"
      },
      {
        "cartItemId": 59470647,
        "parentCartItemId": 59470631,
        "productComponentId": 493,
        "productConfigurationId": 6342,
        "productName": "Business License Package",
        "productTypeId": 9,
        "processingOrderId": null,
        "basePrice": 99.99,
        "extendedPrice": 40,
        "adjustedPrice": 40,
        "quantity": 1,
        "isPrePaid": false,
        "shouldDisplayOnBill": true,
        "isCancelled": false,
        "productBasePriceId": 7194,
        "productPriceAdjustment": 1803,
        "stateId": null,
        "countyId": null,
        "cartItemSource": "Questionnaire",
        "sourceOrderItemId": null,
        "lineNumber": 208,
        "dateCreated": "2021-04-05T11:29:15.543Z",
        "createdBy": null,
        "dateUpdated": "2021-04-05T11:29:15.543Z",
        "updatedBy": "15909055"
      },
      {
        "cartItemId": 59470648,
        "parentCartItemId": 59470631,
        "productComponentId": 2804,
        "productConfigurationId": 7198,
        "productName": "Total Compliance",
        "productTypeId": 9,
        "processingOrderId": null,
        "basePrice": 0,
        "extendedPrice": 0,
        "adjustedPrice": 0,
        "quantity": 1,
        "isPrePaid": false,
        "shouldDisplayOnBill": true,
        "isCancelled": false,
        "productBasePriceId": 8431,
        "productPriceAdjustment": null,
        "stateId": 5,
        "countyId": null,
        "cartItemSource": "Questionnaire",
        "sourceOrderItemId": null,
        "lineNumber": 210,
        "dateCreated": "2021-04-05T11:29:15.657Z",
        "createdBy": null,
        "dateUpdated": "2021-04-05T11:29:15.657Z",
        "updatedBy": "15909055"
      },
      {
        "cartItemId": 59470649,
        "parentCartItemId": 59470631,
        "productComponentId": 2817,
        "productConfigurationId": 7328,
        "productName": "Legal Protect Plan",
        "productTypeId": 9,
        "processingOrderId": null,
        "basePrice": 0,
        "extendedPrice": 0,
        "adjustedPrice": 0,
        "quantity": 1,
        "isPrePaid": false,
        "shouldDisplayOnBill": true,
        "isCancelled": false,
        "productBasePriceId": null,
        "productPriceAdjustment": null,
        "stateId": 5,
        "countyId": null,
        "cartItemSource": "Questionnaire",
        "sourceOrderItemId": null,
        "lineNumber": 211,
        "dateCreated": "2021-04-05T11:29:15.78Z",
        "createdBy": null,
        "dateUpdated": "2021-04-05T11:29:15.78Z",
        "updatedBy": "15909055"
      },
      {
        "cartItemId": 59470650,
        "parentCartItemId": 59470631,
        "productComponentId": 646,
        "productConfigurationId": 3917,
        "productName": "Statement of Information Filing Fee",
        "productTypeId": 8,
        "processingOrderId": null,
        "basePrice": 20,
        "extendedPrice": 20,
        "adjustedPrice": 20,
        "quantity": 1,
        "isPrePaid": false,
        "shouldDisplayOnBill": true,
        "isCancelled": false,
        "productBasePriceId": 3092,
        "productPriceAdjustment": null,
        "stateId": 5,
        "countyId": null,
        "cartItemSource": "Questionnaire",
        "sourceOrderItemId": null,
        "lineNumber": 101,
        "dateCreated": "2021-04-05T11:29:15.907Z",
        "createdBy": null,
        "dateUpdated": "2021-04-05T11:29:15.907Z",
        "updatedBy": "15909055"
      }
    ],
    "dateCreated": "2021-04-05T11:27:59.33Z",
    "createdBy": "15909055",
    "dateUpdated": "2021-04-05T11:27:59.33Z",
    "updatedBy": "15909055"
  }
}