{
  "cart": {
    "cartId": 22622758,
    "customerId": 15909055,
    "startDate": "2021-04-05T14:07:16.233Z",
    "cartType": "General",
    "cartMode": "General",
    "cartStatus": "Open",
    "orderSource": 1,
    "cartFlags": {
      "collectTax": false,
      "threePay": false,
      "phoneOrder": false,
      "showOrderTerms": false,
      "fiveInFive": false,
      "conversionTest": false,
      "isSamsClub": false,
      "bundle": false,
      "printingOptional": false,
      "amazon": false,
      "thirdPartyOrder": false,
      "ribbon": false
    },
    "cartItems": [
      {
        "cartItemId": 59471662,
        "parentCartItemId": null,
        "productComponentId": 112,
        "productConfigurationId": 146,
        "productName": "Standard LLC",
        "productTypeId": 2,
        "processingOrderId": 510518933,
        "basePrice": 289,
        "extendedPrice": 329,
        "adjustedPrice": 329,
        "quantity": 1,
        "isPrePaid": false,
        "shouldDisplayOnBill": true,
        "isCancelled": false,
        "productBasePriceId": 4355,
        "productPriceAdjustment": 1539,
        "stateId": 5,
        "countyId": null,
        "cartItemSource": "UserAction",
        "sourceOrderItemId": null,
        "lineNumber": 1,
        "dateCreated": "2021-04-05T17:32:20.603Z",
        "createdBy": "15909184",
        "dateUpdated": "2021-04-05T17:32:24.46Z",
        "updatedBy": "15909184"
      },
      {
        "cartItemId": 59471663,
        "parentCartItemId": 59471662,
        "productComponentId": 322,
        "productConfigurationId": 804,
        "productName": "State Filing Fee - {state}",
        "productTypeId": 8,
        "processingOrderId": null,
        "basePrice": 70,
        "extendedPrice": 70,
        "adjustedPrice": 70,
        "quantity": 1,
        "isPrePaid": false,
        "shouldDisplayOnBill": true,
        "isCancelled": false,
        "productBasePriceId": 7325,
        "productPriceAdjustment": null,
        "stateId": 5,
        "countyId": null,
        "cartItemSource": "Questionnaire",
        "sourceOrderItemId": null,
        "lineNumber": 101,
        "dateCreated": "2021-04-05T17:31:40.453Z",
        "createdBy": "15909184",
        "dateUpdated": "2021-04-05T17:32:24.46Z",
        "updatedBy": "15909184"
      },
      {
        "cartItemId": 59471664,
        "parentCartItemId": 59471662,
        "productComponentId": 2311,
        "productConfigurationId": 5793,
        "productName": "Storage Subscription",
        "productTypeId": 9,
        "processingOrderId": null,
        "basePrice": 0,
        "extendedPrice": 0,
        "adjustedPrice": 0,
        "quantity": 1,
        "isPrePaid": false,
        "shouldDisplayOnBill": false,
        "isCancelled": false,
        "productBasePriceId": null,
        "productPriceAdjustment": null,
        "stateId": null,
        "countyId": null,
        "cartItemSource": "UserAction",
        "sourceOrderItemId": null,
        "lineNumber": 201,
        "dateCreated": "2021-04-05T17:31:40.453Z",
        "createdBy": "15909184",
        "dateUpdated": "2021-04-05T17:32:24.46Z",
        "updatedBy": "15909184"
      },
      {
        "cartItemId": 59471665,
        "parentCartItemId": 59471662,
        "productComponentId": 2499,
        "productConfigurationId": 6579,
        "productName": "Digital Download",
        "productTypeId": 3,
        "processingOrderId": null,
        "basePrice": 0,
        "extendedPrice": 0,
        "adjustedPrice": 0,
        "quantity": 1,
        "isPrePaid": false,
        "shouldDisplayOnBill": true,
        "isCancelled": false,
        "productBasePriceId": null,
        "productPriceAdjustment": null,
        "stateId": null,
        "countyId": null,
        "cartItemSource": "UserAction",
        "sourceOrderItemId": null,
        "lineNumber": 209,
        "dateCreated": "2021-04-05T17:31:40.453Z",
        "createdBy": "15909184",
        "dateUpdated": "2021-04-05T17:32:24.46Z",
        "updatedBy": "15909184"
      },
      {
        "cartItemId": 59471666,
        "parentCartItemId": 59471662,
        "productComponentId": 132,
        "productConfigurationId": 5893,
        "productName": "Operating Agreement",
        "productTypeId": 3,
        "processingOrderId": null,
        "basePrice": 99,
        "extendedPrice": 99,
        "adjustedPrice": 99,
        "quantity": 1,
        "isPrePaid": false,
        "shouldDisplayOnBill": true,
        "isCancelled": false,
        "productBasePriceId": 7294,
        "productPriceAdjustment": null,
        "stateId": null,
        "countyId": null,
        "cartItemSource": "Questionnaire",
        "sourceOrderItemId": null,
        "lineNumber": 204,
        "dateCreated": "2021-04-05T17:32:21.24Z",
        "createdBy": null,
        "dateUpdated": "2021-04-05T17:32:24.46Z",
        "updatedBy": "15909184"
      },
      {
        "cartItemId": 59471667,
        "parentCartItemId": 59471662,
        "productComponentId": 2443,
        "productConfigurationId": 6292,
        "productName": "Tax Savings Analysis",
        "productTypeId": 3,
        "processingOrderId": null,
        "basePrice": 0,
        "extendedPrice": 0,
        "adjustedPrice": 0,
        "quantity": 1,
        "isPrePaid": false,
        "shouldDisplayOnBill": true,
        "isCancelled": false,
        "productBasePriceId": null,
        "productPriceAdjustment": null,
        "stateId": null,
        "countyId": null,
        "cartItemSource": "Questionnaire",
        "sourceOrderItemId": null,
        "lineNumber": 206,
        "dateCreated": "2021-04-05T17:32:21.347Z",
        "createdBy": null,
        "dateUpdated": "2021-04-05T17:32:24.46Z",
        "updatedBy": "15909184"
      },
      {
        "cartItemId": 59471668,
        "parentCartItemId": 59471662,
        "productComponentId": 553,
        "productConfigurationId": 4526,
        "productName": "EIN Obtainment",
        "productTypeId": 9,
        "processingOrderId": null,
        "basePrice": 79,
        "extendedPrice": 60,
        "adjustedPrice": 60,
        "quantity": 1,
        "isPrePaid": false,
        "shouldDisplayOnBill": true,
        "isCancelled": false,
        "productBasePriceId": 515,
        "productPriceAdjustment": 1559,
        "stateId": null,
        "countyId": null,
        "cartItemSource": "Questionnaire",
        "sourceOrderItemId": null,
        "lineNumber": 203,
        "dateCreated": "2021-04-05T17:32:21.453Z",
        "createdBy": null,
        "dateUpdated": "2021-04-05T17:32:24.46Z",
        "updatedBy": "15909184"
      },
      {
        "cartItemId": 59471669,
        "parentCartItemId": 59471662,
        "productComponentId": 1988,
        "productConfigurationId": 4384,
        "productName": "Statement of Information",
        "productTypeId": 9,
        "processingOrderId": null,
        "basePrice": 0,
        "extendedPrice": 0,
        "adjustedPrice": 0,
        "quantity": 1,
        "isPrePaid": false,
        "shouldDisplayOnBill": true,
        "isCancelled": false,
        "productBasePriceId": null,
        "productPriceAdjustment": null,
        "stateId": 5,
        "countyId": null,
        "cartItemSource": "Questionnaire",
        "sourceOrderItemId": null,
        "lineNumber": 202,
        "dateCreated": "2021-04-05T17:32:21.563Z",
        "createdBy": null,
        "dateUpdated": "2021-04-05T17:32:24.46Z",
        "updatedBy": "15909184"
      },
      {
        "cartItemId": 59471670,
        "parentCartItemId": 59471662,
        "productComponentId": 2429,
        "productConfigurationId": 6286,
        "productName": "Registered Agent Service",
        "productTypeId": 9,
        "processingOrderId": null,
        "basePrice": 0,
        "extendedPrice": 0,
        "adjustedPrice": 0,
        "quantity": 1,
        "isPrePaid": false,
        "shouldDisplayOnBill": true,
        "isCancelled": false,
        "productBasePriceId": 7567,
        "productPriceAdjustment": null,
        "stateId": null,
        "countyId": null,
        "cartItemSource": "Questionnaire",
        "sourceOrderItemId": null,
        "lineNumber": 205,
        "dateCreated": "2021-04-05T17:32:21.673Z",
        "createdBy": null,
        "dateUpdated": "2021-04-05T17:32:24.46Z",
        "updatedBy": "15909184"
      },
      {
        "cartItemId": 59471671,
        "parentCartItemId": 59471662,
        "productComponentId": 493,
        "productConfigurationId": 6342,
        "productName": "Business License Package",
        "productTypeId": 9,
        "processingOrderId": null,
        "basePrice": 99.99,
        "extendedPrice": 40,
        "adjustedPrice": 40,
        "quantity": 1,
        "isPrePaid": false,
        "shouldDisplayOnBill": true,
        "isCancelled": false,
        "productBasePriceId": 7194,
        "productPriceAdjustment": 1803,
        "stateId": null,
        "countyId": null,
        "cartItemSource": "Questionnaire",
        "sourceOrderItemId": null,
        "lineNumber": 207,
        "dateCreated": "2021-04-05T17:32:21.78Z",
        "createdBy": null,
        "dateUpdated": "2021-04-05T17:32:24.46Z",
        "updatedBy": "15909184"
      },
      {
        "cartItemId": 59471672,
        "parentCartItemId": 59471662,
        "productComponentId": 2804,
        "productConfigurationId": 7198,
        "productName": "Total Compliance",
        "productTypeId": 9,
        "processingOrderId": null,
        "basePrice": 0,
        "extendedPrice": 0,
        "adjustedPrice": 0,
        "quantity": 1,
        "isPrePaid": false,
        "shouldDisplayOnBill": true,
        "isCancelled": false,
        "productBasePriceId": 8431,
        "productPriceAdjustment": null,
        "stateId": 5,
        "countyId": null,
        "cartItemSource": "Questionnaire",
        "sourceOrderItemId": null,
        "lineNumber": 210,
        "dateCreated": "2021-04-05T17:32:21.89Z",
        "createdBy": null,
        "dateUpdated": "2021-04-05T17:32:24.46Z",
        "updatedBy": "15909184"
      },
      {
        "cartItemId": 59471673,
        "parentCartItemId": 59471662,
        "productComponentId": 2817,
        "productConfigurationId": 7328,
        "productName": "Legal Protect Plan",
        "productTypeId": 9,
        "processingOrderId": null,
        "basePrice": 0,
        "extendedPrice": 0,
        "adjustedPrice": 0,
        "quantity": 1,
        "isPrePaid": false,
        "shouldDisplayOnBill": true,
        "isCancelled": false,
        "productBasePriceId": null,
        "productPriceAdjustment": null,
        "stateId": 5,
        "countyId": null,
        "cartItemSource": "Questionnaire",
        "sourceOrderItemId": null,
        "lineNumber": 212,
        "dateCreated": "2021-04-05T17:32:22.003Z",
        "createdBy": null,
        "dateUpdated": "2021-04-05T17:32:24.46Z",
        "updatedBy": "15909184"
      },
      {
        "cartItemId": 59471674,
        "parentCartItemId": 59471662,
        "productComponentId": 646,
        "productConfigurationId": 3917,
        "productName": "Statement of Information Filing Fee",
        "productTypeId": 8,
        "processingOrderId": null,
        "basePrice": 20,
        "extendedPrice": 20,
        "adjustedPrice": 20,
        "quantity": 1,
        "isPrePaid": false,
        "shouldDisplayOnBill": true,
        "isCancelled": false,
        "productBasePriceId": 3092,
        "productPriceAdjustment": null,
        "stateId": 5,
        "countyId": null,
        "cartItemSource": "Questionnaire",
        "sourceOrderItemId": null,
        "lineNumber": 101,
        "dateCreated": "2021-04-05T17:32:22.11Z",
        "createdBy": null,
        "dateUpdated": "2021-04-05T17:32:24.46Z",
        "updatedBy": "15909184"
      },
      {
        "cartItemId": 59471675,
        "parentCartItemId": 59471662,
        "productComponentId": 2493,
        "productConfigurationId": 6553,
        "productName": "Digital Download",
        "productTypeId": 3,
        "processingOrderId": null,
        "basePrice": 0,
        "extendedPrice": 0,
        "adjustedPrice": 0,
        "quantity": 1,
        "isPrePaid": false,
        "shouldDisplayOnBill": true,
        "isCancelled": false,
        "productBasePriceId": null,
        "productPriceAdjustment": null,
        "stateId": null,
        "countyId": null,
        "cartItemSource": "UserAction",
        "sourceOrderItemId": null,
        "lineNumber": 208,
        "dateCreated": "2021-04-05T17:32:22.217Z",
        "createdBy": null,
        "dateUpdated": "2021-04-05T17:32:24.46Z",
        "updatedBy": "15909184"
      },
      {
        "cartItemId": 59471676,
        "parentCartItemId": 59471662,
        "productComponentId": 1546,
        "productConfigurationId": 2809,
        "productName": "Small Business Banking Consultation",
        "productTypeId": 3,
        "processingOrderId": null,
        "basePrice": 0,
        "extendedPrice": 0,
        "adjustedPrice": 0,
        "quantity": 1,
        "isPrePaid": false,
        "shouldDisplayOnBill": true,
        "isCancelled": false,
        "productBasePriceId": null,
        "productPriceAdjustment": null,
        "stateId": null,
        "countyId": null,
        "cartItemSource": "Questionnaire",
        "sourceOrderItemId": null,
        "lineNumber": 211,
        "dateCreated": "2021-04-05T17:32:24.8Z",
        "createdBy": null,
        "dateUpdated": "2021-04-05T17:32:24.8Z",
        "updatedBy": "15909184"
      }
    ],
    "dateCreated": "2021-04-05T17:31:40.24Z",
    "createdBy": "15909184",
    "dateUpdated": "2021-04-05T17:31:40.24Z",
    "updatedBy": "15909184"
  }
}