{
  "processingOrder": {
    "processingOrderId": 510447944,
    "customerId": 15804528,
    "processId": 2,
    "questionnaireId": 27,
    "lastPageVisited": 0,
    "startDate": "2021-02-11T14:39:00Z",
    "completedDate": "1995-09-05T00:00:00Z",
    "firstCompletedDate": "1995-09-05T00:00:00Z",
    "lastCompletedDate": "1970-09-05T00:00:00Z",
    "stateId": 5,
    "lastAccessedDate": "2021-02-11T14:39:00Z",
    "reOpenedDate": "1970-09-05T00:00:00Z",
    "isQuestionnaireCompleted": false,
    "isRevision": false,
    "processingStatusId": null,
    "postOptionId": 8,
    "shippingMethodId": 0,
    "specialInstructions": ""
  }
}