{
  "questionnaireStorageId": 79115,
  "userOrderId": 510518753,
  "answers": "{\"isEntityStateSelected\":false,\"isBusinessNameAvailable\":true,\"professionalPrintSelected\":false,\"businessAddress\":{},\"raDetails\":{\"address\":{}},\"irsContact\":{\"address\":{}},\"isMobile\":false,\"bShowPriceTest\":\"Null\",\"bShowPriceTest1\":\"Null\",\"isChooseEntityNameLater\":false,\"entityName\":\"Cypress automated test\",\"entityState\":\"California\",\"currentView\":\"package/b-of-a-checking\",\"bFunnelTest\":\"Null\",\"customerPhoneNumber\":\"\",\"customerEmail\":\"\",\"businessStartTime\":\"soon\",\"isFirstLLC\":true,\"businessPurposeObject\":null,\"businessPurpose\":\"Retail\",\"hireEmployees\":\"yes\",\"lzRA\":\"Yes\",\"documentsPackage\":\"OA_EIN_LICENCES\",\"legalAdvice\":true,\"totalCompliance\":true,\"packageSelected\":145,\"obtainEIN\":\"Yes\",\"bizLicenseOffer\":true,\"bofa\":true}",
  "dateCreated": "2021-04-05T11:27:59.977Z",
  "dateUpdated": "2021-04-05T18:30:59.0829065Z"
}