{
    "customerId": 15909055,
    "session": [
      {
        "key": "accessToken",
        "value": "AbOcRzSGu8bt8i1uNvpNIL5ETDPY"
      },
      {
        "key": "iUser",
        "value": "15909055"
      },
      {
        "key": "expiresAt",
        "value": "4/5/2030 1:27:57 PM"
      },
      {
        "key": "bGuest",
        "value": "True"
      },
      {
        "key": "UserName",
        "value": "guest_LZ6375321887712592860_LZ6375321887712593651@legalzoom.com"
      },
      {
        "key": "TIMESTRING",
        "value": "50lmSDyZjlHVVWvNpoHHTQ=="
      }
    ]
  }