[
    {
        "name": "Alaska",
        "PostalCode": "AK"
    },
    {
        "name": "Arizona",
        "PostalCode": "AZ"
    },
    {
       "name": "California",
       "PostalCode": "CA"
    },
    {
       "name": "Colorado",
       "PostalCode": "CO"    
    },
    {
        "name": "Connecticut",
        "PostalCode": "CT"
    },
    {
        "name": "Dist. of Columbia",
        "PostalCode": "DC"
    },
    {
        "name": "Florida",
        "PostalCode": "FL"
    },
    {
       "name": "Georgia",
       "PostalCode": "GA"
    },
    {
       "name": "Idaho",
       "PostalCode": "ID"    
    },
    {
        "name": "Illinois",
        "PostalCode": "IL"
    },
    {
        "name": "Iowa",
        "PostalCode": "IA"
    },
    {
        "name": "Louisiana",
        "PostalCode": "LA"
    },
    {
       "name": "Maryland",
       "PostalCode": "MD"
    },
    {
       "name": "Massachusetts",
       "PostalCode": "MA"    
    },
    {
        "name": "Montana",
        "PostalCode": "MT"
    },
    {
        "name": "Nebraska",
        "PostalCode": "NE"
    },
    {
        "name": "New Hampshire",
        "PostalCode": "NH"
    },
    {
       "name": "New Mexico",
       "PostalCode": "NM"
    },
    {
       "name": "North Carolina",
       "PostalCode": "NC"    
    },
    {
        "name": "North Dakota",
        "PostalCode": "ND"
    },
    {
        "name": "Oklahoma",
        "PostalCode": "OK"
    },
    {
       "name": "Pennsylvania",
       "PostalCode": "PA"
    },
    {
       "name": "Rhode Island",
       "PostalCode": "RI"    
    },
    {
        "name": "South Carolina",
        "PostalCode": "SC"
    },
    {
        "name": "South Dakota",
        "PostalCode": "SD"
    },
    {
        "name": "Tennessee",
        "PostalCode": "TN"
    },
    {
       "name": "Utah",
       "PostalCode": "UT"
    },
    {
       "name": "Virginia",
       "PostalCode": "VA"    
    },
    {
        "name": "West Virginia",
        "PostalCode": "WV"
    }
]