{
  "questionnaireFieldGroupAnswers": {
    "userOrderId": 510415838,
    "createdBy": null,
    "isMajorRevision": false,
    "fieldAnswers": [
      {
        "fieldId": 297947,
        "fieldName": "Activity_Details_EIN_long_hidden",
        "fieldValue": "Food",
        "optionId": null,
        "responseType": 0,
        "questionText": "Activity_Details_EIN_long_hidden",
        "sortOrder": 999
      },
      {
        "fieldId": 297946,
        "fieldName": "Activity_Details_EIN_short_hidden",
        "fieldValue": "Food",
        "optionId": null,
        "responseType": 0,
        "questionText": "Activity_Details_EIN_short_hidden",
        "sortOrder": 999
      },
      {
        "fieldId": 297941,
        "fieldName": "Additional_Info_EIN_Filing_MC_hidden",
        "fieldValue": "No",
        "optionId": 443119,
        "responseType": 0,
        "questionText": "Additional_Info_EIN_Filing_MC_hidden",
        "sortOrder": 999
      },
      {
        "fieldId": 297940,
        "fieldName": "Additional_Info_SOS_Filing_MC_hidden",
        "fieldValue": "No",
        "optionId": 443117,
        "responseType": 0,
        "questionText": "Additional_Info_SOS_Filing_MC_hidden",
        "sortOrder": 999
      },
      {
        "fieldId": 298101,
        "fieldName": "AddProblemManually",
        "fieldValue": "2",
        "optionId": null,
        "responseType": 0,
        "questionText": "AddProblemManually",
        "sortOrder": 999
      },
      {
        "fieldId": 295028,
        "fieldName": "advisory_offer_MC",
        "fieldValue": "Yes, keep my business protected with legal help when I need it",
        "optionId": 439679,
        "responseType": 0,
        "questionText": "advisory_offer_MC",
        "sortOrder": 999
      },
      {
        "fieldId": 8244,
        "fieldName": "Alternative_Name_1",
        "fieldValue": "",
        "optionId": null,
        "responseType": 0,
        "questionText": "Alternative Name #1",
        "sortOrder": 4
      },
      {
        "fieldId": 8245,
        "fieldName": "Alternative_Name_2",
        "fieldValue": "",
        "optionId": null,
        "responseType": 0,
        "questionText": "Alternative Name #2",
        "sortOrder": 5
      },
      {
        "fieldId": 294830,
        "fieldName": "b3pay",
        "fieldValue": "No",
        "optionId": 439151,
        "responseType": 0,
        "questionText": "b3pay",
        "sortOrder": 999
      },
      {
        "fieldId": 292686,
        "fieldName": "b5in5",
        "fieldValue": "NULL",
        "optionId": 433073,
        "responseType": 0,
        "questionText": "b5in5",
        "sortOrder": 999
      },
      {
        "fieldId": 292809,
        "fieldName": "b5in5_Price",
        "fieldValue": "",
        "optionId": null,
        "responseType": 0,
        "questionText": "b5in5_Price",
        "sortOrder": 999
      },
      {
        "fieldId": 277213,
        "fieldName": "bankofamerica_offer_MC",
        "fieldValue": "No, I am not interested at this time",
        "optionId": 393444,
        "responseType": 0,
        "questionText": "bankofamerica_offer_MC",
        "sortOrder": 268
      },
      {
        "fieldId": 295906,
        "fieldName": "bBookKeepingOffer",
        "fieldValue": "Yes",
        "optionId": 441920,
        "responseType": 0,
        "questionText": "bBookKeepingOffer",
        "sortOrder": 999
      },
      {
        "fieldId": 298074,
        "fieldName": "bCustomLogoDesign",
        "fieldValue": "No",
        "optionId": 443176,
        "responseType": 0,
        "questionText": "bCustomLogoDesign",
        "sortOrder": 999
      },
      {
        "fieldId": 298073,
        "fieldName": "bExpedite",
        "fieldValue": "No",
        "optionId": 443174,
        "responseType": 0,
        "questionText": "bExpedite",
        "sortOrder": 999
      },
      {
        "fieldId": 295784,
        "fieldName": "bFirstLLC",
        "fieldValue": "Yes",
        "optionId": 441589,
        "responseType": 0,
        "questionText": "bFirstLLC",
        "sortOrder": 999
      },
      {
        "fieldId": 297933,
        "fieldName": "bFunnelTest",
        "fieldValue": "Null",
        "optionId": 443106,
        "responseType": 0,
        "questionText": "bFunnelTest",
        "sortOrder": 999
      },
      {
        "fieldId": 292554,
        "fieldName": "biz_license_pkg_CB",
        "fieldValue": "1",
        "optionId": null,
        "responseType": 0,
        "questionText": "biz_license_pkg_CB",
        "sortOrder": 999
      },
      {
        "fieldId": 295787,
        "fieldName": "bLegalAdvise",
        "fieldValue": "Yes",
        "optionId": 441593,
        "responseType": 0,
        "questionText": "bLegalAdvise",
        "sortOrder": 999
      },
      {
        "fieldId": 298120,
        "fieldName": "bLZSellersPermit",
        "fieldValue": "",
        "optionId": null,
        "responseType": 0,
        "questionText": "bLZSellersPermit",
        "sortOrder": 999
      },
      {
        "fieldId": 298119,
        "fieldName": "bLZStateTaxId",
        "fieldValue": "",
        "optionId": null,
        "responseType": 0,
        "questionText": "bLZStateTaxId",
        "sortOrder": 999
      },
      {
        "fieldId": null,
        "fieldName": "bPaychex",
        "fieldValue": "No",
        "optionId": null,
        "responseType": 0,
        "questionText": null,
        "sortOrder": 0
      },
      {
        "fieldId": 295836,
        "fieldName": "bShowPriceTest",
        "fieldValue": "Null",
        "optionId": 441897,
        "responseType": 0,
        "questionText": "bShowPriceTest",
        "sortOrder": 999
      },
      {
        "fieldId": 295910,
        "fieldName": "bShowPriceTest1",
        "fieldValue": "Null",
        "optionId": 441983,
        "responseType": 0,
        "questionText": "bShowPriceTest1",
        "sortOrder": 999
      },
      {
        "fieldId": 271475,
        "fieldName": "bShowTest2",
        "fieldValue": "LZ_LLC_Optimization_Experiment",
        "optionId": 441558,
        "responseType": 0,
        "questionText": "bShowTest2",
        "sortOrder": 999
      },
      {
        "fieldId": 298075,
        "fieldName": "bSmartBusinessPlan",
        "fieldValue": "No",
        "optionId": 443178,
        "responseType": 0,
        "questionText": "bSmartBusinessPlan",
        "sortOrder": 999
      },
      {
        "fieldId": 298100,
        "fieldName": "bStateTaxId",
        "fieldValue": "No",
        "optionId": 443229,
        "responseType": 0,
        "questionText": "bStateTaxId",
        "sortOrder": 999
      },
      {
        "fieldId": 295786,
        "fieldName": "bTaxAdvise",
        "fieldValue": "No",
        "optionId": 441592,
        "responseType": 0,
        "questionText": "bTaxAdvise",
        "sortOrder": 999
      },
      {
        "fieldId": 8246,
        "fieldName": "business_address",
        "fieldValue": "",
        "optionId": null,
        "responseType": 0,
        "questionText": "Business Address Street",
        "sortOrder": 19
      },
      {
        "fieldId": 8247,
        "fieldName": "business_city_state_zip",
        "fieldValue": "",
        "optionId": null,
        "responseType": 0,
        "questionText": "Business Address City",
        "sortOrder": 20
      },
      {
        "fieldId": 8248,
        "fieldName": "business_county",
        "fieldValue": "",
        "optionId": null,
        "responseType": 0,
        "questionText": "Business Address County",
        "sortOrder": 21
      },
      {
        "fieldId": 259069,
        "fieldName": "business_purpose",
        "fieldValue": "Other",
        "optionId": 292216,
        "responseType": 0,
        "questionText": "Business Activity",
        "sortOrder": 17
      },
      {
        "fieldId": 295795,
        "fieldName": "business_start_MC",
        "fieldValue": "soon",
        "optionId": 441602,
        "responseType": 0,
        "questionText": "business_start_MC",
        "sortOrder": 999
      },
      {
        "fieldId": 8249,
        "fieldName": "business_state",
        "fieldValue": "",
        "optionId": null,
        "responseType": 0,
        "questionText": "Business Address State",
        "sortOrder": 22
      },
      {
        "fieldId": 8250,
        "fieldName": "business_zip",
        "fieldValue": "",
        "optionId": null,
        "responseType": 0,
        "questionText": "Business Address Zip",
        "sortOrder": 23
      },
      {
        "fieldId": 295715,
        "fieldName": "CEP_consult_MC",
        "fieldValue": "No thanks",
        "optionId": 441253,
        "responseType": 0,
        "questionText": "CEP_consult_MC",
        "sortOrder": 999
      },
      {
        "fieldId": 294618,
        "fieldName": "combined_bapstates",
        "fieldValue": "TRUE",
        "optionId": 438580,
        "responseType": 0,
        "questionText": "combined_bapstates",
        "sortOrder": 999
      },
      {
        "fieldId": 292498,
        "fieldName": "combined_compliance_cal",
        "fieldValue": "",
        "optionId": null,
        "responseType": 0,
        "questionText": "combined_compliance_cal",
        "sortOrder": 999
      },
      {
        "fieldId": 295097,
        "fieldName": "combined_compliance_essential_any",
        "fieldValue": "",
        "optionId": null,
        "responseType": 0,
        "questionText": "combined_compliance_essential_any",
        "sortOrder": 999
      },
      {
        "fieldId": 295000,
        "fieldName": "combined_compliance_essential_no",
        "fieldValue": "TRUE",
        "optionId": 439620,
        "responseType": 0,
        "questionText": "combined_compliance_essential_no",
        "sortOrder": 999
      },
      {
        "fieldId": null,
        "fieldName": "combined_compliance_nonbap_no",
        "fieldValue": "",
        "optionId": null,
        "responseType": 0,
        "questionText": null,
        "sortOrder": 0
      },
      {
        "fieldId": 292664,
        "fieldName": "combined_compliance_soi",
        "fieldValue": "TRUE",
        "optionId": 433047,
        "responseType": 0,
        "questionText": "combined_compliance_soi",
        "sortOrder": 999
      },
      {
        "fieldId": 292838,
        "fieldName": "combined_compliance_stid",
        "fieldValue": "",
        "optionId": null,
        "responseType": 0,
        "questionText": "combined_compliance_stid",
        "sortOrder": 999
      },
      {
        "fieldId": 295571,
        "fieldName": "combined_prof_not_CT",
        "fieldValue": "TRUE",
        "optionId": 440951,
        "responseType": 0,
        "questionText": "combined_prof_not_CT",
        "sortOrder": 999
      },
      {
        "fieldId": 292820,
        "fieldName": "combined_showcompliance",
        "fieldValue": "BAPSTATES",
        "optionId": 441187,
        "responseType": 0,
        "questionText": "combined_showcompliance",
        "sortOrder": 999
      },
      {
        "fieldId": 294986,
        "fieldName": "compliance_BIT_CB",
        "fieldValue": "2",
        "optionId": null,
        "responseType": 0,
        "questionText": "compliance_BIT_CB",
        "sortOrder": 999
      },
      {
        "fieldId": 292150,
        "fieldName": "compliance_no_CB",
        "fieldValue": "1",
        "optionId": null,
        "responseType": 0,
        "questionText": "compliance_no_CB",
        "sortOrder": 999
      },
      {
        "fieldId": 292553,
        "fieldName": "CTN_consult_MC",
        "fieldValue": "No thanks",
        "optionId": 433023,
        "responseType": 0,
        "questionText": "CTN_consult_MC",
        "sortOrder": 999
      },
      {
        "fieldId": 8242,
        "fieldName": "EIN_",
        "fieldValue": "Yes, please obtain my tax identification number for me.",
        "optionId": 310190,
        "responseType": 0,
        "questionText": "EIN",
        "sortOrder": 24
      },
      {
        "fieldId": 297942,
        "fieldName": "EIN_Number_hidden",
        "fieldValue": " ",
        "optionId": null,
        "responseType": 0,
        "questionText": "EIN_Number_hidden",
        "sortOrder": 999
      },
      {
        "fieldId": 297939,
        "fieldName": "Entity_Effective_Date_hidden",
        "fieldValue": " ",
        "optionId": null,
        "responseType": 0,
        "questionText": "Entity_Effective_Date_hidden",
        "sortOrder": 999
      },
      {
        "fieldId": 250481,
        "fieldName": "file_form720",
        "fieldValue": "No",
        "optionId": 236910,
        "responseType": 0,
        "questionText": "File Form 720 (Excise Tax)",
        "sortOrder": 38
      },
      {
        "fieldId": 296920,
        "fieldName": "fkUserOrder_hidden",
        "fieldValue": "510415838",
        "optionId": null,
        "responseType": 0,
        "questionText": "fkUserOrder_hidden",
        "sortOrder": 999
      },
      {
        "fieldId": 297938,
        "fieldName": "Future_Effective_Date_MC_hidden",
        "fieldValue": " ",
        "optionId": null,
        "responseType": 0,
        "questionText": "Future_Effective_Date_MC_hidden",
        "sortOrder": 999
      },
      {
        "fieldId": 250480,
        "fieldName": "gambling_wagering",
        "fieldValue": "No",
        "optionId": 236908,
        "responseType": 0,
        "questionText": "Gambling Wagering?",
        "sortOrder": 38
      },
      {
        "fieldId": 8287,
        "fieldName": "hire_employees_",
        "fieldValue": "No",
        "optionId": 236896,
        "responseType": 0,
        "questionText": "Hire Employees?",
        "sortOrder": 32
      },
      {
        "fieldId": 8243,
        "fieldName": "LLC_name",
        "fieldValue": "Bananas",
        "optionId": null,
        "responseType": 0,
        "questionText": "LLC name",
        "sortOrder": 3
      },
      {
        "fieldId": null,
        "fieldName": "LLC_name_RO",
        "fieldValue": "",
        "optionId": null,
        "responseType": 0,
        "questionText": null,
        "sortOrder": 0
      },
      {
        "fieldId": 8849,
        "fieldName": "LLC_type",
        "fieldValue": "No",
        "optionId": 290133,
        "responseType": 0,
        "questionText": "Professional LLC? (Yes or No)",
        "sortOrder": 2
      },
      {
        "fieldId": 298071,
        "fieldName": "Manual__Filing_EIN_MC_hidden",
        "fieldValue": "",
        "optionId": null,
        "responseType": 0,
        "questionText": "Manual__Filing_EIN_MC_hidden",
        "sortOrder": 999
      },
      {
        "fieldId": 297949,
        "fieldName": "Manual_Filing_EIN_MC_hidden",
        "fieldValue": "No",
        "optionId": 443132,
        "responseType": 0,
        "questionText": "Manual_Filing_EIN_MC_hidden",
        "sortOrder": 999
      },
      {
        "fieldId": 297948,
        "fieldName": "Manual_Filing_SOS_MC_hidden",
        "fieldValue": "No",
        "optionId": 443130,
        "responseType": 0,
        "questionText": "Manual_Filing_SOS_MC_hidden",
        "sortOrder": 999
      },
      {
        "fieldId": 252418,
        "fieldName": "manufacture_sell_alcohol",
        "fieldValue": "No",
        "optionId": 266859,
        "responseType": 0,
        "questionText": "Manufacture/Sell/Alcohol?",
        "sortOrder": 38
      },
      {
        "fieldId": 8241,
        "fieldName": "New_or_Convert_business",
        "fieldValue": "Form a new LLC",
        "optionId": 238859,
        "responseType": 0,
        "questionText": "New_or_Convert_business",
        "sortOrder": 53
      },
      {
        "fieldId": 295765,
        "fieldName": "oa_bundle_MC",
        "fieldValue": "OA And EIN And BL",
        "optionId": 441556,
        "responseType": 0,
        "questionText": "oa_bundle_MC",
        "sortOrder": 999
      },
      {
        "fieldId": 251977,
        "fieldName": "other_other_activity_detailed",
        "fieldValue": "Food",
        "optionId": null,
        "responseType": 0,
        "questionText": "other_other_activity_detailed",
        "sortOrder": 18
      },
      {
        "fieldId": 295851,
        "fieldName": "other_other_activity_detailed_desc",
        "fieldValue": "",
        "optionId": null,
        "responseType": 0,
        "questionText": "other_other_activity_detailed_desc",
        "sortOrder": 18
      },
      {
        "fieldId": 298181,
        "fieldName": "Owner_BusinessEntity_Required",
        "fieldValue": "No",
        "optionId": 444343,
        "responseType": 0,
        "questionText": "Owner_BusinessEntity_Required",
        "sortOrder": 999
      },
      {
        "fieldId": 298180,
        "fieldName": "Owner_Individual_Required",
        "fieldValue": "No",
        "optionId": 444337,
        "responseType": 0,
        "questionText": "Owner_Individual_Required",
        "sortOrder": 999
      },
      {
        "fieldId": 298182,
        "fieldName": "Owner_Trust_Required",
        "fieldValue": "No",
        "optionId": 444346,
        "responseType": 0,
        "questionText": "Owner_Trust_Required",
        "sortOrder": 999
      },
      {
        "fieldId": 8403,
        "fieldName": "Primary_Business_Activity",
        "fieldValue": "Other",
        "optionId": 291192,
        "responseType": 0,
        "questionText": "Primary Business Activity",
        "sortOrder": 18
      },
      {
        "fieldId": 297944,
        "fieldName": "Professional_License_Uploaded_MC_hidden",
        "fieldValue": "",
        "optionId": null,
        "responseType": 0,
        "questionText": "Professional_License_Uploaded_MC_hidden",
        "sortOrder": 999
      },
      {
        "fieldId": 298072,
        "fieldName": "ReceiptCode",
        "fieldValue": " ",
        "optionId": null,
        "responseType": 0,
        "questionText": "ReceiptCode",
        "sortOrder": 999
      },
      {
        "fieldId": 8253,
        "fieldName": "registered_agent",
        "fieldValue": "LegalZoom will serve as my registered agent.",
        "optionId": 134950,
        "responseType": 0,
        "questionText": "Who will be your RA?",
        "sortOrder": 6
      },
      {
        "fieldId": 298104,
        "fieldName": "selectedPkg_MC",
        "fieldValue": "Gold",
        "optionId": 443235,
        "responseType": 0,
        "questionText": "selectedPkg_MC",
        "sortOrder": 999
      },
      {
        "fieldId": 8411,
        "fieldName": "sState",
        "fieldValue": "California",
        "optionId": 182630,
        "responseType": 0,
        "questionText": "State of Formation",
        "sortOrder": 1
      },
      {
        "fieldId": 298123,
        "fieldName": "ThirdPartyEinFiling",
        "fieldValue": "2",
        "optionId": null,
        "responseType": 0,
        "questionText": "ThirdPartyEinFiling",
        "sortOrder": 999
      },
      {
        "fieldId": 8282,
        "fieldName": "Trade_name",
        "fieldValue": "No",
        "optionId": 236893,
        "responseType": 0,
        "questionText": "Trade Name?",
        "sortOrder": 30
      },
      {
        "fieldId": 250479,
        "fieldName": "vehicle_taxgross_weight",
        "fieldValue": "No",
        "optionId": 236901,
        "responseType": 0,
        "questionText": "Vehicle Tax Gross Weight?",
        "sortOrder": 38
      },
      {
        "fieldId": 292683,
        "fieldName": "Webcom_consultation_MC",
        "fieldValue": "No thanks",
        "optionId": 433068,
        "responseType": 0,
        "questionText": "Webcom_consultation_MC",
        "sortOrder": 999
      }
    ],
    "groupAnswers": []
  }
}
