{
  "order": {
    "orderGroupId": 29009592,
    "orderId": 34095553,
    "customerId": 15751287,
    "orderItems": [
      {
        "orderId": 34095553,
        "orderItemId": 65916899,
        "parentOrderItemId": 0,
        "stateId": 5,
        "basePrice": 359,
        "extendedPrice": 349,
        "quantity": 1,
        "productConfiguration": {
          "productConfigurationId": 147,
          "productTypeId": 2,
          "shouldDisplayOnBill": true,
          "productComponent": {
            "productComponentId": 113,
            "productComponentFlags": {
              "allowCustomerToAdd": false,
              "allowCustomizablePrice": false,
              "allowExpediteOnPackage": false,
              "allowStoreCredit": true,
              "allowElectronicChecks": true,
              "canSubscribe": false,
              "canEditQuantity": false,
              "autoRenewByDefault": false,
              "mustAutoRenewToSubscribe": false,
              "isService": false
            },
            "name": "LLC Express Gold",
            "displayNameOnBill": "Express Gold LLC - CA",
            "displayNameOnWeb": "LLC Express Gold",
            "description": "LLC EXPRESS GOLD",
            "longDescription": null,
            "internalDescription": null,
            "isActive": true,
            "subscriptionPolicy": null
          },
          "isDefaultPackage": false,
          "childProducts": []
        },
        "isCancelled": false,
        "childOrderItems": [],
        "processingOrder": {
          "processId": 2,
          "processingOrderId": 510415838,
          "questionnaireId": 27,
          "processingStatusId": 0,
          "processingStatusCategoryId": 0,
          "complete": false
        },
        "productName": "Express Gold LLC",
        "isShipped": false,
        "shipMethodId": null,
        "lineNumber": 1,
        "dateCreated": "2021-01-25T14:36:13.377Z",
        "createdBy": "15751287",
        "dateLastModified": "2021-01-25T14:36:13.377Z",
        "lastModifiedBy": "15751287"
      },
      {
        "orderId": 34095553,
        "orderItemId": 65916900,
        "parentOrderItemId": 65916899,
        "stateId": 0,
        "basePrice": 0,
        "extendedPrice": 0,
        "quantity": 1,
        "productConfiguration": {
          "productConfigurationId": 5793,
          "productTypeId": 9,
          "shouldDisplayOnBill": false,
          "productComponent": {
            "productComponentId": 2311,
            "productComponentFlags": {
              "allowCustomerToAdd": false,
              "allowCustomizablePrice": false,
              "allowExpediteOnPackage": false,
              "allowStoreCredit": false,
              "allowElectronicChecks": false,
              "canSubscribe": false,
              "canEditQuantity": false,
              "autoRenewByDefault": false,
              "mustAutoRenewToSubscribe": true,
              "isService": false
            },
            "name": "Storage Subscription",
            "displayNameOnBill": "Storage Subscription",
            "displayNameOnWeb": "Storage Subscription",
            "description": null,
            "longDescription": "we will add a new package that will include Digital Storage as an included Item, setting Renewal to 0$. Planning to add this package as a CROSS-SELL to LLC",
            "internalDescription": null,
            "isActive": true,
            "subscriptionPolicy": {
              "productComponentId": 2311,
              "renewalType": "SubscriptionEndDate",
              "subscriptionStatusOnPaid": null,
              "freeShippingDuration": null,
              "renewalAlertDuration": null,
              "subscriptionDuration": 1,
              "freeShippingDurationType": "Unset",
              "renewalAlertDurationType": "Unset",
              "subscriptionDurationType": "Years"
            }
          },
          "isDefaultPackage": false,
          "childProducts": []
        },
        "isCancelled": false,
        "childOrderItems": [],
        "processingOrder": null,
        "productName": "Storage Subscription",
        "isShipped": false,
        "shipMethodId": null,
        "lineNumber": 2,
        "dateCreated": "2021-01-25T14:36:13.507Z",
        "createdBy": "15751287",
        "dateLastModified": "2021-01-25T14:36:13.507Z",
        "lastModifiedBy": "15751287"
      },
      {
        "orderId": 34095553,
        "orderItemId": 65916901,
        "parentOrderItemId": 65916899,
        "stateId": 0,
        "basePrice": 0,
        "extendedPrice": 0,
        "quantity": 1,
        "productConfiguration": {
          "productConfigurationId": 6553,
          "productTypeId": 3,
          "shouldDisplayOnBill": true,
          "productComponent": {
            "productComponentId": 2493,
            "productComponentFlags": {
              "allowCustomerToAdd": false,
              "allowCustomizablePrice": false,
              "allowExpediteOnPackage": false,
              "allowStoreCredit": false,
              "allowElectronicChecks": false,
              "canSubscribe": false,
              "canEditQuantity": false,
              "autoRenewByDefault": false,
              "mustAutoRenewToSubscribe": false,
              "isService": false
            },
            "name": "Digital Download",
            "displayNameOnBill": "Digital Download",
            "displayNameOnWeb": "Digital Download",
            "description": null,
            "longDescription": null,
            "internalDescription": null,
            "isActive": true,
            "subscriptionPolicy": null
          },
          "isDefaultPackage": false,
          "childProducts": []
        },
        "isCancelled": false,
        "childOrderItems": [],
        "processingOrder": null,
        "productName": "Digital Download",
        "isShipped": false,
        "shipMethodId": null,
        "lineNumber": 3,
        "dateCreated": "2021-01-25T14:36:13.507Z",
        "createdBy": "15751287",
        "dateLastModified": "2021-01-25T14:36:13.507Z",
        "lastModifiedBy": "15751287"
      },
      {
        "orderId": 34095553,
        "orderItemId": 65916902,
        "parentOrderItemId": 65916899,
        "stateId": 0,
        "basePrice": 0,
        "extendedPrice": 0,
        "quantity": 1,
        "productConfiguration": {
          "productConfigurationId": 6579,
          "productTypeId": 3,
          "shouldDisplayOnBill": true,
          "productComponent": {
            "productComponentId": 2499,
            "productComponentFlags": {
              "allowCustomerToAdd": false,
              "allowCustomizablePrice": false,
              "allowExpediteOnPackage": false,
              "allowStoreCredit": false,
              "allowElectronicChecks": false,
              "canSubscribe": false,
              "canEditQuantity": false,
              "autoRenewByDefault": false,
              "mustAutoRenewToSubscribe": false,
              "isService": false
            },
            "name": "Digital Download - Biz",
            "displayNameOnBill": "Digital Download",
            "displayNameOnWeb": "Digital Download - Biz",
            "description": null,
            "longDescription": null,
            "internalDescription": null,
            "isActive": true,
            "subscriptionPolicy": null
          },
          "isDefaultPackage": false,
          "childProducts": []
        },
        "isCancelled": false,
        "childOrderItems": [],
        "processingOrder": null,
        "productName": "Digital Download",
        "isShipped": false,
        "shipMethodId": null,
        "lineNumber": 4,
        "dateCreated": "2021-01-25T14:36:13.507Z",
        "createdBy": "15751287",
        "dateLastModified": "2021-01-25T14:36:13.507Z",
        "lastModifiedBy": "15751287"
      },
      {
        "orderId": 34095553,
        "orderItemId": 65916903,
        "parentOrderItemId": 65916899,
        "stateId": 0,
        "basePrice": 0,
        "extendedPrice": 0,
        "quantity": 1,
        "productConfiguration": {
          "productConfigurationId": 7163,
          "productTypeId": 7,
          "shouldDisplayOnBill": true,
          "productComponent": {
            "productComponentId": 2794,
            "productComponentFlags": {
              "allowCustomerToAdd": false,
              "allowCustomizablePrice": false,
              "allowExpediteOnPackage": false,
              "allowStoreCredit": false,
              "allowElectronicChecks": false,
              "canSubscribe": false,
              "canEditQuantity": false,
              "autoRenewByDefault": false,
              "mustAutoRenewToSubscribe": false,
              "isService": false
            },
            "name": "Biz 2-Day Shipping",
            "displayNameOnBill": "Biz 2-Day Shipping",
            "displayNameOnWeb": "Biz 2-Day Shipping",
            "description": null,
            "longDescription": null,
            "internalDescription": null,
            "isActive": true,
            "subscriptionPolicy": null
          },
          "isDefaultPackage": true,
          "childProducts": []
        },
        "isCancelled": false,
        "childOrderItems": [],
        "processingOrder": null,
        "productName": "Professional Printing - Express",
        "isShipped": false,
        "shipMethodId": 8,
        "lineNumber": 5,
        "dateCreated": "2021-01-25T14:36:13.507Z",
        "createdBy": "15751287",
        "dateLastModified": "2021-01-25T14:36:13.507Z",
        "lastModifiedBy": "15751287"
      },
      {
        "orderId": 34095553,
        "orderItemId": 65916904,
        "parentOrderItemId": 65916899,
        "stateId": 5,
        "basePrice": 70,
        "extendedPrice": 70,
        "quantity": 1,
        "productConfiguration": {
          "productConfigurationId": 805,
          "productTypeId": 8,
          "shouldDisplayOnBill": true,
          "productComponent": {
            "productComponentId": 492,
            "productComponentFlags": {
              "allowCustomerToAdd": false,
              "allowCustomizablePrice": false,
              "allowExpediteOnPackage": false,
              "allowStoreCredit": false,
              "allowElectronicChecks": false,
              "canSubscribe": false,
              "canEditQuantity": false,
              "autoRenewByDefault": false,
              "mustAutoRenewToSubscribe": false,
              "isService": false
            },
            "name": "LLC Filing Fee - Expedited",
            "displayNameOnBill": "State Filing Fee - CA",
            "displayNameOnWeb": "LLC Filing Fee - Expedited",
            "description": null,
            "longDescription": null,
            "internalDescription": null,
            "isActive": true,
            "subscriptionPolicy": null
          },
          "isDefaultPackage": false,
          "childProducts": []
        },
        "isCancelled": false,
        "childOrderItems": [],
        "processingOrder": null,
        "productName": "State Filing Fee - CA",
        "isShipped": false,
        "shipMethodId": null,
        "lineNumber": 6,
        "dateCreated": "2021-01-25T14:36:13.507Z",
        "createdBy": "15751287",
        "dateLastModified": "2021-01-25T14:36:13.507Z",
        "lastModifiedBy": "15751287"
      },
      {
        "orderId": 34095553,
        "orderItemId": 65916905,
        "parentOrderItemId": 65916899,
        "stateId": 0,
        "basePrice": 99,
        "extendedPrice": 99,
        "quantity": 1,
        "productConfiguration": {
          "productConfigurationId": 5893,
          "productTypeId": 3,
          "shouldDisplayOnBill": true,
          "productComponent": {
            "productComponentId": 132,
            "productComponentFlags": {
              "allowCustomerToAdd": false,
              "allowCustomizablePrice": false,
              "allowExpediteOnPackage": false,
              "allowStoreCredit": false,
              "allowElectronicChecks": false,
              "canSubscribe": false,
              "canEditQuantity": false,
              "autoRenewByDefault": false,
              "mustAutoRenewToSubscribe": false,
              "isService": false
            },
            "name": "Operating Agreement",
            "displayNameOnBill": "Operating Agreement",
            "displayNameOnWeb": "Operating Agreement",
            "description": null,
            "longDescription": null,
            "internalDescription": null,
            "isActive": true,
            "subscriptionPolicy": null
          },
          "isDefaultPackage": false,
          "childProducts": []
        },
        "isCancelled": false,
        "childOrderItems": [],
        "processingOrder": null,
        "productName": "Operating Agreement",
        "isShipped": false,
        "shipMethodId": null,
        "lineNumber": 7,
        "dateCreated": "2021-01-25T14:36:13.507Z",
        "createdBy": "15751287",
        "dateLastModified": "2021-01-25T14:36:13.507Z",
        "lastModifiedBy": "15751287"
      },
      {
        "orderId": 34095553,
        "orderItemId": 65916906,
        "parentOrderItemId": 65916899,
        "stateId": 0,
        "basePrice": 0,
        "extendedPrice": 0,
        "quantity": 1,
        "productConfiguration": {
          "productConfigurationId": 6292,
          "productTypeId": 3,
          "shouldDisplayOnBill": true,
          "productComponent": {
            "productComponentId": 2443,
            "productComponentFlags": {
              "allowCustomerToAdd": false,
              "allowCustomizablePrice": false,
              "allowExpediteOnPackage": false,
              "allowStoreCredit": false,
              "allowElectronicChecks": false,
              "canSubscribe": false,
              "canEditQuantity": false,
              "autoRenewByDefault": false,
              "mustAutoRenewToSubscribe": false,
              "isService": false
            },
            "name": "Tax Savings Analysis Consultation",
            "displayNameOnBill": "Tax Savings Analysis",
            "displayNameOnWeb": "Tax Savings Analysis Consultation",
            "description": null,
            "longDescription": null,
            "internalDescription": null,
            "isActive": true,
            "subscriptionPolicy": null
          },
          "isDefaultPackage": false,
          "childProducts": []
        },
        "isCancelled": false,
        "childOrderItems": [],
        "processingOrder": null,
        "productName": "Tax Savings Analysis",
        "isShipped": false,
        "shipMethodId": null,
        "lineNumber": 8,
        "dateCreated": "2021-01-25T14:36:13.507Z",
        "createdBy": "15751287",
        "dateLastModified": "2021-01-25T14:36:13.507Z",
        "lastModifiedBy": "15751287"
      },
      {
        "orderId": 34095553,
        "orderItemId": 65916907,
        "parentOrderItemId": 65916899,
        "stateId": 0,
        "basePrice": 79,
        "extendedPrice": 60,
        "quantity": 1,
        "productConfiguration": {
          "productConfigurationId": 4531,
          "productTypeId": 9,
          "shouldDisplayOnBill": true,
          "productComponent": {
            "productComponentId": 553,
            "productComponentFlags": {
              "allowCustomerToAdd": false,
              "allowCustomizablePrice": false,
              "allowExpediteOnPackage": false,
              "allowStoreCredit": true,
              "allowElectronicChecks": true,
              "canSubscribe": false,
              "canEditQuantity": false,
              "autoRenewByDefault": false,
              "mustAutoRenewToSubscribe": false,
              "isService": false
            },
            "name": "EIN Obtainment",
            "displayNameOnBill": "EIN Obtainment",
            "displayNameOnWeb": "EIN Obtainment",
            "description": "Our full-service EIN obtainment",
            "longDescription": null,
            "internalDescription": null,
            "isActive": true,
            "subscriptionPolicy": null
          },
          "isDefaultPackage": false,
          "childProducts": []
        },
        "isCancelled": false,
        "childOrderItems": [],
        "processingOrder": null,
        "productName": "EIN Obtainment",
        "isShipped": false,
        "shipMethodId": null,
        "lineNumber": 9,
        "dateCreated": "2021-01-25T14:36:13.507Z",
        "createdBy": "15751287",
        "dateLastModified": "2021-01-25T14:36:13.507Z",
        "lastModifiedBy": "15751287"
      },
      {
        "orderId": 34095553,
        "orderItemId": 65916908,
        "parentOrderItemId": 65916899,
        "stateId": 0,
        "basePrice": 0,
        "extendedPrice": 0,
        "quantity": 1,
        "productConfiguration": {
          "productConfigurationId": 6286,
          "productTypeId": 9,
          "shouldDisplayOnBill": true,
          "productComponent": {
            "productComponentId": 2429,
            "productComponentFlags": {
              "allowCustomerToAdd": false,
              "allowCustomizablePrice": false,
              "allowExpediteOnPackage": false,
              "allowStoreCredit": false,
              "allowElectronicChecks": false,
              "canSubscribe": false,
              "canEditQuantity": false,
              "autoRenewByDefault": true,
              "mustAutoRenewToSubscribe": false,
              "isService": false
            },
            "name": "RA Services - 1 day free with annual renewal ($249)",
            "displayNameOnBill": "Registered Agent Service",
            "displayNameOnWeb": "RA Services - 1 day free with annual renewal ($249)",
            "description": null,
            "longDescription": null,
            "internalDescription": "This package is created for the RA LLC 2 test, where we don't give a free  month but we don't charge until entity becomes effective. Since RBE cannot support that, we are creating a 1-day free, so 1 day after the entity becomes effective, we will bill the customer\n\nHari: Created for LLC SCV RA test on 08/17/2018\nHari: Changed price to $249 on 09/04/2018",
            "isActive": true,
            "subscriptionPolicy": {
              "productComponentId": 2429,
              "renewalType": "SubscriptionEndDate",
              "subscriptionStatusOnPaid": "NotYetStarted",
              "freeShippingDuration": null,
              "renewalAlertDuration": null,
              "subscriptionDuration": 1,
              "freeShippingDurationType": "Unset",
              "renewalAlertDurationType": "Unset",
              "subscriptionDurationType": "Days"
            }
          },
          "isDefaultPackage": false,
          "childProducts": []
        },
        "isCancelled": false,
        "childOrderItems": [],
        "processingOrder": null,
        "productName": "Registered Agent Service",
        "isShipped": false,
        "shipMethodId": null,
        "lineNumber": 10,
        "dateCreated": "2021-01-25T14:36:13.507Z",
        "createdBy": "15751287",
        "dateLastModified": "2021-01-25T14:36:13.507Z",
        "lastModifiedBy": "15751287"
      },
      {
        "orderId": 34095553,
        "orderItemId": 65916909,
        "parentOrderItemId": 65916899,
        "stateId": 0,
        "basePrice": 99.99,
        "extendedPrice": 40,
        "quantity": 1,
        "productConfiguration": {
          "productConfigurationId": 6342,
          "productTypeId": 9,
          "shouldDisplayOnBill": true,
          "productComponent": {
            "productComponentId": 493,
            "productComponentFlags": {
              "allowCustomerToAdd": false,
              "allowCustomizablePrice": false,
              "allowExpediteOnPackage": false,
              "allowStoreCredit": true,
              "allowElectronicChecks": true,
              "canSubscribe": false,
              "canEditQuantity": false,
              "autoRenewByDefault": false,
              "mustAutoRenewToSubscribe": false,
              "isService": false
            },
            "name": "Business Licenses Package - BL.com",
            "displayNameOnBill": "Business License Package",
            "displayNameOnWeb": "Business Licenses Package - BL.com",
            "description": "Tells you exactly which licenses, permits and tax registrations are required for your business",
            "longDescription": "<p style=\"font-weight:bold;\">Get Your Business License Package</p>\n<p>As a business owner, you're responsible for making sure your business has the proper federal, state and local permits to operate legally. To make your job easier, our trusted partner can quickly and easily identify your specific license requirements.</p>\n<p>Our trusted partner will compile the permits, licenses and tax registrations your business requires. Then, they'll email you the required forms, normally in 1-3 business days.</p>\n<p><b>Your customized package includes:</b></p>\n<ul>\n<li>An overview of the licenses, permits, and tax registrations required for your business</li>\n<li>Licensing authority contact information, including name, address, telephone number, etc.</li>\n<li>Detailed information on how much money to send with each application, and where to send it</li>\n<li style=\"font-weight:bold;\">The actual license, permit, and tax registration applications and associated documents</li>\n</ul>\n<p>Once you receive your package, you need to complete the necessary applications and submit payment (if applicable) to the appropriate licensing authorities.</p>\n<p style=\"font-weight:bold;\">Select this option when you complete your order. You'll receive an email from our trusted partner within 1-3 business days of receiving your LegalZoom package.</p>",
            "internalDescription": null,
            "isActive": true,
            "subscriptionPolicy": null
          },
          "isDefaultPackage": false,
          "childProducts": []
        },
        "isCancelled": false,
        "childOrderItems": [],
        "processingOrder": null,
        "productName": "Business License Package",
        "isShipped": false,
        "shipMethodId": null,
        "lineNumber": 11,
        "dateCreated": "2021-01-25T14:36:13.507Z",
        "createdBy": "15751287",
        "dateLastModified": "2021-01-25T14:36:13.507Z",
        "lastModifiedBy": "15751287"
      },
      {
        "orderId": 34095553,
        "orderItemId": 65916910,
        "parentOrderItemId": 65916899,
        "stateId": 5,
        "basePrice": 0,
        "extendedPrice": 0,
        "quantity": 1,
        "productConfiguration": {
          "productConfigurationId": 7328,
          "productTypeId": 9,
          "shouldDisplayOnBill": true,
          "productComponent": {
            "productComponentId": 2817,
            "productComponentFlags": {
              "allowCustomerToAdd": false,
              "allowCustomizablePrice": false,
              "allowExpediteOnPackage": false,
              "allowStoreCredit": false,
              "allowElectronicChecks": false,
              "canSubscribe": false,
              "canEditQuantity": false,
              "autoRenewByDefault": true,
              "mustAutoRenewToSubscribe": true,
              "isService": false
            },
            "name": "Business Legal Plan - ( 10 Day Trial Monthly $39.99- Year2021)",
            "displayNameOnBill": "10 day Trial of Business Legal Plan - CA",
            "displayNameOnWeb": "Business Legal Plan - ( 10 Day Trial Monthly $39.99- Year2021)",
            "description": "Business Legal Plan - ( 10 Day Trial Monthly $39.99- Year2021)",
            "longDescription": null,
            "internalDescription": "FYI : this product to used in 2021 and onward for Legal only",
            "isActive": true,
            "subscriptionPolicy": {
              "productComponentId": 2817,
              "renewalType": "SubscriptionEndDate",
              "subscriptionStatusOnPaid": "Active",
              "freeShippingDuration": null,
              "renewalAlertDuration": null,
              "subscriptionDuration": 10,
              "freeShippingDurationType": "Unset",
              "renewalAlertDurationType": "Unset",
              "subscriptionDurationType": "Days"
            }
          },
          "isDefaultPackage": false,
          "childProducts": []
        },
        "isCancelled": false,
        "childOrderItems": [],
        "processingOrder": null,
        "productName": "Legal Protect",
        "isShipped": false,
        "shipMethodId": null,
        "lineNumber": 12,
        "dateCreated": "2021-01-25T14:36:13.507Z",
        "createdBy": "15751287",
        "dateLastModified": "2021-01-25T14:36:13.507Z",
        "lastModifiedBy": "15751287"
      }
    ],
    "isCancelled": false,
    "paymentStatus": 2,
    "orderFlags": {
      "isThreePay": false,
      "isPhoneOrder": false,
      "isSamsClub": false,
      "isPrintingOptional": false,
      "isRibbonOrder": false,
      "isThirdParty": false
    },
    "dateCreated": "2021-01-25T14:36:13.147Z",
    "createdBy": "15751287",
    "dateLastModified": "2021-01-25T14:36:18.54Z",
    "lastModifiedBy": "15751287"
  }
}
