{
  "processingOrder": {
    "processingOrderId": 510415838,
    "customerId": 15751287,
    "processId": 2,
    "questionnaireId": 27,
    "lastPageVisited": 100,
    "startDate": "2021-01-25T14:34:00Z",
    "completedDate": "1995-09-05T00:00:00Z",
    "firstCompletedDate": "1995-09-05T00:00:00Z",
    "lastCompletedDate": "1970-09-05T00:00:00Z",
    "stateId": 5,
    "lastAccessedDate": "2021-01-25T14:36:00Z",
    "reOpenedDate": "1970-09-05T00:00:00Z",
    "isQuestionnaireCompleted": false,
    "isRevision": false,
    "processingStatusId": null,
    "postOptionId": 9,
    "shippingMethodId": 0,
    "specialInstructions": ""
  }
}
