{
  "cart": {
    "cartId": 22559102,
    "customerId": 15751287,
    "startDate": "2021-01-25T14:34:24.537Z",
    "cartType": "General",
    "cartMode": "General",
    "cartStatus": "Completed",
    "orderSource": 1,
    "cartFlags": {
      "collectTax": false,
      "threePay": false,
      "phoneOrder": false,
      "showOrderTerms": false,
      "fiveInFive": false,
      "conversionTest": false,
      "isSamsClub": false,
      "bundle": false,
      "printingOptional": false,
      "amazon": false,
      "thirdPartyOrder": false,
      "ribbon": false
    },
    "cartItems": [
      {
        "cartItemId": 59163492,
        "parentCartItemId": null,
        "productComponentId": 113,
        "productConfigurationId": 147,
        "productName": "Express Gold LLC",
        "productTypeId": 2,
        "processingOrderId": 510415838,
        "basePrice": 359,
        "extendedPrice": 349,
        "adjustedPrice": 349,
        "quantity": 1,
        "isPrePaid": false,
        "shouldDisplayOnBill": true,
        "isCancelled": false,
        "productBasePriceId": 3058,
        "productPriceAdjustment": 1540,
        "stateId": 5,
        "countyId": null,
        "cartItemSource": "UserAction",
        "sourceOrderItemId": null,
        "lineNumber": 1,
        "dateCreated": "2021-01-25T14:35:03.35Z",
        "createdBy": "15751287",
        "dateUpdated": "2021-01-25T14:36:14.833Z",
        "updatedBy": "15751287"
      },
      {
        "cartItemId": 59163493,
        "parentCartItemId": 59163492,
        "productComponentId": 322,
        "productConfigurationId": 804,
        "productName": "State Filing Fee - {state}",
        "productTypeId": 8,
        "processingOrderId": null,
        "basePrice": 70,
        "extendedPrice": 70,
        "adjustedPrice": 70,
        "quantity": 1,
        "isPrePaid": false,
        "shouldDisplayOnBill": true,
        "isCancelled": true,
        "productBasePriceId": 7325,
        "productPriceAdjustment": null,
        "stateId": 5,
        "countyId": null,
        "cartItemSource": "System",
        "sourceOrderItemId": null,
        "lineNumber": 101,
        "dateCreated": "2021-01-25T14:34:24.907Z",
        "createdBy": "15751287",
        "dateUpdated": "2021-01-25T14:36:14.833Z",
        "updatedBy": "15751287"
      },
      {
        "cartItemId": 59163494,
        "parentCartItemId": 59163492,
        "productComponentId": 2311,
        "productConfigurationId": 5793,
        "productName": "Storage Subscription",
        "productTypeId": 9,
        "processingOrderId": null,
        "basePrice": 0,
        "extendedPrice": 0,
        "adjustedPrice": 0,
        "quantity": 1,
        "isPrePaid": false,
        "shouldDisplayOnBill": false,
        "isCancelled": false,
        "productBasePriceId": null,
        "productPriceAdjustment": null,
        "stateId": null,
        "countyId": null,
        "cartItemSource": "UserAction",
        "sourceOrderItemId": null,
        "lineNumber": 201,
        "dateCreated": "2021-01-25T14:34:24.907Z",
        "createdBy": "15751287",
        "dateUpdated": "2021-01-25T14:36:14.833Z",
        "updatedBy": "15751287"
      },
      {
        "cartItemId": 59163495,
        "parentCartItemId": 59163492,
        "productComponentId": 2493,
        "productConfigurationId": 6553,
        "productName": "Digital Download",
        "productTypeId": 3,
        "processingOrderId": null,
        "basePrice": 0,
        "extendedPrice": 0,
        "adjustedPrice": 0,
        "quantity": 1,
        "isPrePaid": false,
        "shouldDisplayOnBill": true,
        "isCancelled": false,
        "productBasePriceId": null,
        "productPriceAdjustment": null,
        "stateId": null,
        "countyId": null,
        "cartItemSource": "UserAction",
        "sourceOrderItemId": null,
        "lineNumber": 202,
        "dateCreated": "2021-01-25T14:34:24.907Z",
        "createdBy": "15751287",
        "dateUpdated": "2021-01-25T14:36:14.833Z",
        "updatedBy": "15751287"
      },
      {
        "cartItemId": 59163496,
        "parentCartItemId": 59163492,
        "productComponentId": 2499,
        "productConfigurationId": 6579,
        "productName": "Digital Download",
        "productTypeId": 3,
        "processingOrderId": null,
        "basePrice": 0,
        "extendedPrice": 0,
        "adjustedPrice": 0,
        "quantity": 1,
        "isPrePaid": false,
        "shouldDisplayOnBill": true,
        "isCancelled": false,
        "productBasePriceId": null,
        "productPriceAdjustment": null,
        "stateId": null,
        "countyId": null,
        "cartItemSource": "UserAction",
        "sourceOrderItemId": null,
        "lineNumber": 208,
        "dateCreated": "2021-01-25T14:34:24.907Z",
        "createdBy": "15751287",
        "dateUpdated": "2021-01-25T14:36:14.833Z",
        "updatedBy": "15751287"
      },
      {
        "cartItemId": 59163497,
        "parentCartItemId": 59163492,
        "productComponentId": 2794,
        "productConfigurationId": 7163,
        "productName": "Professional Printing - Express",
        "productTypeId": 7,
        "processingOrderId": null,
        "basePrice": 0,
        "extendedPrice": 0,
        "adjustedPrice": 0,
        "quantity": 1,
        "isPrePaid": false,
        "shouldDisplayOnBill": true,
        "isCancelled": false,
        "productBasePriceId": 8420,
        "productPriceAdjustment": 2228,
        "stateId": null,
        "countyId": null,
        "cartItemSource": "UserAction",
        "sourceOrderItemId": null,
        "lineNumber": 401,
        "dateCreated": "2021-01-25T14:35:03.9Z",
        "createdBy": null,
        "dateUpdated": "2021-01-25T14:36:14.833Z",
        "updatedBy": "15751287"
      },
      {
        "cartItemId": 59163498,
        "parentCartItemId": 59163492,
        "productComponentId": 492,
        "productConfigurationId": 805,
        "productName": "State Filing Fee - {state}",
        "productTypeId": 8,
        "processingOrderId": null,
        "basePrice": 70,
        "extendedPrice": 70,
        "adjustedPrice": 70,
        "quantity": 1,
        "isPrePaid": false,
        "shouldDisplayOnBill": true,
        "isCancelled": false,
        "productBasePriceId": 7326,
        "productPriceAdjustment": null,
        "stateId": 5,
        "countyId": null,
        "cartItemSource": "UserAction",
        "sourceOrderItemId": null,
        "lineNumber": 101,
        "dateCreated": "2021-01-25T14:35:04.007Z",
        "createdBy": null,
        "dateUpdated": "2021-01-25T14:36:14.833Z",
        "updatedBy": "15751287"
      },
      {
        "cartItemId": 59163499,
        "parentCartItemId": 59163492,
        "productComponentId": 132,
        "productConfigurationId": 5893,
        "productName": "Operating Agreement",
        "productTypeId": 3,
        "processingOrderId": null,
        "basePrice": 99,
        "extendedPrice": 99,
        "adjustedPrice": 99,
        "quantity": 1,
        "isPrePaid": false,
        "shouldDisplayOnBill": true,
        "isCancelled": false,
        "productBasePriceId": 7294,
        "productPriceAdjustment": null,
        "stateId": null,
        "countyId": null,
        "cartItemSource": "Questionnaire",
        "sourceOrderItemId": null,
        "lineNumber": 204,
        "dateCreated": "2021-01-25T14:35:04.113Z",
        "createdBy": null,
        "dateUpdated": "2021-01-25T14:36:14.833Z",
        "updatedBy": "15751287"
      },
      {
        "cartItemId": 59163500,
        "parentCartItemId": 59163492,
        "productComponentId": 2443,
        "productConfigurationId": 6292,
        "productName": "Tax Savings Analysis",
        "productTypeId": 3,
        "processingOrderId": null,
        "basePrice": 0,
        "extendedPrice": 0,
        "adjustedPrice": 0,
        "quantity": 1,
        "isPrePaid": false,
        "shouldDisplayOnBill": true,
        "isCancelled": false,
        "productBasePriceId": null,
        "productPriceAdjustment": null,
        "stateId": null,
        "countyId": null,
        "cartItemSource": "Questionnaire",
        "sourceOrderItemId": null,
        "lineNumber": 206,
        "dateCreated": "2021-01-25T14:35:04.22Z",
        "createdBy": null,
        "dateUpdated": "2021-01-25T14:36:14.833Z",
        "updatedBy": "15751287"
      },
      {
        "cartItemId": 59163501,
        "parentCartItemId": 59163492,
        "productComponentId": 553,
        "productConfigurationId": 4531,
        "productName": "EIN Obtainment",
        "productTypeId": 9,
        "processingOrderId": null,
        "basePrice": 79,
        "extendedPrice": 60,
        "adjustedPrice": 60,
        "quantity": 1,
        "isPrePaid": false,
        "shouldDisplayOnBill": true,
        "isCancelled": false,
        "productBasePriceId": 515,
        "productPriceAdjustment": 1556,
        "stateId": null,
        "countyId": null,
        "cartItemSource": "Questionnaire",
        "sourceOrderItemId": null,
        "lineNumber": 203,
        "dateCreated": "2021-01-25T14:35:04.327Z",
        "createdBy": null,
        "dateUpdated": "2021-01-25T14:36:14.833Z",
        "updatedBy": "15751287"
      },
      {
        "cartItemId": 59163502,
        "parentCartItemId": 59163492,
        "productComponentId": 2429,
        "productConfigurationId": 6286,
        "productName": "Registered Agent Service",
        "productTypeId": 9,
        "processingOrderId": null,
        "basePrice": 0,
        "extendedPrice": 0,
        "adjustedPrice": 0,
        "quantity": 1,
        "isPrePaid": false,
        "shouldDisplayOnBill": true,
        "isCancelled": false,
        "productBasePriceId": 7567,
        "productPriceAdjustment": null,
        "stateId": null,
        "countyId": null,
        "cartItemSource": "Questionnaire",
        "sourceOrderItemId": null,
        "lineNumber": 205,
        "dateCreated": "2021-01-25T14:35:04.437Z",
        "createdBy": null,
        "dateUpdated": "2021-01-25T14:36:14.833Z",
        "updatedBy": "15751287"
      },
      {
        "cartItemId": 59163503,
        "parentCartItemId": 59163492,
        "productComponentId": 493,
        "productConfigurationId": 6342,
        "productName": "Business License Package",
        "productTypeId": 9,
        "processingOrderId": null,
        "basePrice": 99.99,
        "extendedPrice": 40,
        "adjustedPrice": 40,
        "quantity": 1,
        "isPrePaid": false,
        "shouldDisplayOnBill": true,
        "isCancelled": false,
        "productBasePriceId": 7194,
        "productPriceAdjustment": 1803,
        "stateId": null,
        "countyId": null,
        "cartItemSource": "Questionnaire",
        "sourceOrderItemId": null,
        "lineNumber": 207,
        "dateCreated": "2021-01-25T14:35:04.543Z",
        "createdBy": null,
        "dateUpdated": "2021-01-25T14:36:14.833Z",
        "updatedBy": "15751287"
      },
      {
        "cartItemId": 59163504,
        "parentCartItemId": 59163492,
        "productComponentId": 2817,
        "productConfigurationId": 7328,
        "productName": "Legal Protect",
        "productTypeId": 9,
        "processingOrderId": null,
        "basePrice": 0,
        "extendedPrice": 0,
        "adjustedPrice": 0,
        "quantity": 1,
        "isPrePaid": false,
        "shouldDisplayOnBill": true,
        "isCancelled": false,
        "productBasePriceId": null,
        "productPriceAdjustment": null,
        "stateId": 5,
        "countyId": null,
        "cartItemSource": "Questionnaire",
        "sourceOrderItemId": null,
        "lineNumber": 209,
        "dateCreated": "2021-01-25T14:35:04.653Z",
        "createdBy": null,
        "dateUpdated": "2021-01-25T14:36:14.833Z",
        "updatedBy": "15751287"
      }
    ],
    "dateCreated": "2021-01-25T14:34:24.677Z",
    "createdBy": "15751287",
    "dateUpdated": "2021-01-25T14:36:14.833Z",
    "updatedBy": "15751287"
  }
}
