{
  "questionnaireStorageId": 71040,
  "userOrderId": 510415838,
  "answers": "{\"isEntityStateSelected\":true,\"isBusinessNameAvailable\":true,\"professionalPrintSelected\":false,\"businessAddress\":{\"address1\":\"101 N Brand Blvd\",\"address2\":null,\"city\":\"Glendale\",\"state\":\"CA\",\"zipCode\":\"91203\",\"county\":1},\"raDetails\":{\"address\":{}},\"irsContact\":{\"address\":{}},\"isMobile\":false,\"bShowPriceTest\":\"Null\",\"bShowPriceTest1\":\"Null\",\"isChooseEntityNameLater\":false,\"entityName\":\"Bananas\",\"entityState\":\"California\",\"currentView\":\"order/gsuite-package\",\"bFunnelTest\":\"Null\",\"customerPhoneNumber\":\"\",\"customerEmail\":\"\",\"businessStartTime\":\"soon\",\"isFirstLLC\":true,\"businessPurposeObject\":null,\"businessPurpose\":\"Food\",\"hireEmployees\":\"no\",\"lzRA\":\"Yes\",\"documentsPackage\":\"OA_EIN_LICENCES\",\"legalAdvice\":true,\"totalCompliance\":false,\"obtainEIN\":\"Yes\",\"bizLicenseOffer\":true,\"packageSelected\":147,\"bofa\":false,\"orderId\":34095553,\"checkoutEmail\":\"buster_012521@legalzoom.com\",\"is3Pay\":false,\"contactPhone\":\"(310) 123-4567\"}",
  "dateCreated": "2021-01-25T14:34:25.41Z",
  "dateUpdated": "2021-01-25T14:36:22.46Z"
}
