{
  "customerId": 15751287,
  "session": [
    {
      "key": "accessToken",
      "value": "FjrvlD1Wfx9YJvbuXt2YxHMmRPdQ"
    },
    {
      "key": "iUser",
      "value": "15751287"
    },
    {
      "key": "expiresAt",
      "value": "1/25/2021 3:04:22 PM"
    },
    {
      "key": "bGuest",
      "value": "False"
    },
    {
      "key": "UserName",
      "value": "buster_012521@legalzoom.com"
    },
    {
      "key": "TIMESTRING",
      "value": "m4wj2/vtncraFGCoUFErMg=="
    }
  ]
}
