{
    "baseUrl": "https://wwwlocal.legalzoom.com:8443/m-llc/",
    "includeShadowDom": true,
    "viewportWidth": 375,
    "viewportHeight": 812,
    "defaultCommandTimeout": 8000,
    "integrationFolder": "cypress/integration/mobile",
    "trashAssetsBeforeRuns": false,
    "videoUploadOnPasses": false,
    "experimentalRunEvents": true,
    "reporter": "junit",
    "reporterOptions": {
      "mochaFile": "target/test-reports/cypress/cypress-report-[hash].xml",
      "toConsole": true
    },
    "userAgent": "LLC/Cypress-Mozilla/5.0 (iPhone; CPU iPhone OS 11_0 like Mac OS X) AppleWebKit/604.1.38 (KHTML, like Gecko) Version/11.0 Mobile/15A372 Safari/604.1"
  }
  