{
  "RT-10906": {
    "NameAvailableAgreement": "By providing my number I agree that LegalZoom (or LegalZoom Legal Services Ltd.) may text me about my order through the LegalZoom Member Alerts program or call me at this number about my order or special offers. An autodialer may be used to contact me and the number of texts I receive will vary depending on my order. Message and data rates may apply. My consent is not required for purchase. For more information, see LegalZoom's Privacy Policy and Terms of Service.",
    "RegisteredAgentDisc": "No charges until your filing documents are submitted to the state, and then $249 for the first year. Renews automatically each year.",
    "SmartEmployerDisc": "We offer this for 10 days with your LLC order, then it continues automatically at just $15.99/month",
    "SmartEmployerTerms": "After the 10-day trial period, your card will automatically be charged $15.99. The service renews automatically each month, billed to your card, for the service price (currently $15.99).",
    "LLCPkgDisc": "This is how long it typically takes. We'll prep your paperwork, and then send it to the Secretary of State (or other filing office) who'll form your business. We'll deliver your final package after your business is official. If you're missing info on your forms, we'll reach out. Please reply quickly to avoid delays.",
    "CheckoutDisc": "You have selected the following subscription(s) that renew automatically. You will be charged for Legal Protect Plan ($15.99/month), Compliance ($280/first year) in 10 days. You will be charged for Registered Agent ($249/first year) at the time of your entity’s filing."
  }
}