{
    "packages": [
      {
        "productConfigurationId": 145,
        "productBasePriceId": 6098,
        "productPricePointId": 4,
        "productPriceAdjustmentId": 1538,
        "basePrice": 149,
        "lawyerAmount": 1520,
        "adjustedPrice": 79,
        "stateId": 5,
        "countyId": null,
        "productName": "LLC Economy",
        "billingDisplayName": "Economy LLC",
        "purchaseLockDisplayName": "Economy LLC",
        "filingFee": {
          "productConfigurationId": 803,
          "productBasePriceId": 7325,
          "productPricePointId": 106,
          "productPriceAdjustmentId": null,
          "basePrice": 70,
          "lawyerAmount": 0,
          "adjustedPrice": 70,
          "stateId": 5,
          "countyId": null,
          "productName": "LLC Filing Fee",
          "billingDisplayName": "State Filing Fee - {state}",
          "purchaseLockDisplayName": "State Filing Fee - {state}"
        }
      },
      {
        "productConfigurationId": 146,
        "productBasePriceId": 4355,
        "productPricePointId": 5,
        "productPriceAdjustmentId": 1539,
        "basePrice": 289,
        "lawyerAmount": 1740,
        "adjustedPrice": 329,
        "stateId": 5,
        "countyId": null,
        "productName": "LLC Standard",
        "billingDisplayName": "Standard LLC",
        "purchaseLockDisplayName": "Standard LLC",
        "filingFee": {
          "productConfigurationId": 804,
          "productBasePriceId": 7325,
          "productPricePointId": 106,
          "productPriceAdjustmentId": null,
          "basePrice": 70,
          "lawyerAmount": 0,
          "adjustedPrice": 70,
          "stateId": 5,
          "countyId": null,
          "productName": "LLC Filing Fee",
          "billingDisplayName": "State Filing Fee - {state}",
          "purchaseLockDisplayName": "State Filing Fee - {state}"
        }
      },
      {
        "productConfigurationId": 147,
        "productBasePriceId": 3058,
        "productPricePointId": 6,
        "productPriceAdjustmentId": 1540,
        "basePrice": 359,
        "lawyerAmount": 2020,
        "adjustedPrice": 349,
        "stateId": 5,
        "countyId": null,
        "productName": "LLC Express Gold",
        "billingDisplayName": "Express Gold LLC",
        "purchaseLockDisplayName": "Express Gold LLC",
        "filingFee": {
          "productConfigurationId": 805,
          "productBasePriceId": 7326,
          "productPricePointId": 635,
          "productPriceAdjustmentId": null,
          "basePrice": 70,
          "lawyerAmount": 0,
          "adjustedPrice": 70,
          "stateId": 5,
          "countyId": null,
          "productName": "LLC Filing Fee - Expedited",
          "billingDisplayName": "State Filing Fee - {state}",
          "purchaseLockDisplayName": "State Filing Fee - {state}"
        }
      }
    ]
  }