{
    "cart": {
      "cartId": 22566520,
      "customerId": 15770091,
      "startDate": "2021-02-03T11:22:08.57Z",
      "cartType": "General",
      "cartMode": "General",
      "cartStatus": "Open",
      "orderSource": 1,
      "cartFlags": {
        "collectTax": false,
        "threePay": false,
        "phoneOrder": false,
        "showOrderTerms": false,
        "fiveInFive": false,
        "conversionTest": false,
        "isSamsClub": false,
        "bundle": false,
        "printingOptional": false,
        "amazon": false,
        "thirdPartyOrder": false,
        "ribbon": false
      },
      "cartItems": [
        {
          "cartItemId": 59203870,
          "parentCartItemId": null,
          "productComponentId": 112,
          "productConfigurationId": 146,
          "productName": "Standard LLC",
          "productTypeId": 2,
          "processingOrderId": 510429557,
          "basePrice": 289,
          "extendedPrice": 329,
          "adjustedPrice": 329,
          "quantity": 1,
          "isPrePaid": false,
          "shouldDisplayOnBill": true,
          "isCancelled": false,
          "productBasePriceId": 4355,
          "productPriceAdjustment": 1539,
          "stateId": 5,
          "countyId": null,
          "cartItemSource": "System",
          "sourceOrderItemId": null,
          "lineNumber": 1,
          "dateCreated": "2021-02-03T11:22:08.81Z",
          "createdBy": "15770091",
          "dateUpdated": "2021-02-03T11:22:08.81Z",
          "updatedBy": "15770091"
        },
        {
          "cartItemId": 59203871,
          "parentCartItemId": 59203870,
          "productComponentId": 322,
          "productConfigurationId": 804,
          "productName": "State Filing Fee - {state}",
          "productTypeId": 8,
          "processingOrderId": null,
          "basePrice": 70,
          "extendedPrice": 70,
          "adjustedPrice": 70,
          "quantity": 1,
          "isPrePaid": false,
          "shouldDisplayOnBill": true,
          "isCancelled": false,
          "productBasePriceId": 7325,
          "productPriceAdjustment": null,
          "stateId": 5,
          "countyId": null,
          "cartItemSource": "System",
          "sourceOrderItemId": null,
          "lineNumber": 101,
          "dateCreated": "2021-02-03T11:22:08.92Z",
          "createdBy": "15770091",
          "dateUpdated": "2021-02-03T11:22:08.92Z",
          "updatedBy": "15770091"
        },
        {
          "cartItemId": 59203872,
          "parentCartItemId": 59203870,
          "productComponentId": 2311,
          "productConfigurationId": 5793,
          "productName": "Storage Subscription",
          "productTypeId": 9,
          "processingOrderId": null,
          "basePrice": 0,
          "extendedPrice": 0,
          "adjustedPrice": 0,
          "quantity": 1,
          "isPrePaid": false,
          "shouldDisplayOnBill": false,
          "isCancelled": false,
          "productBasePriceId": null,
          "productPriceAdjustment": null,
          "stateId": 5,
          "countyId": null,
          "cartItemSource": "System",
          "sourceOrderItemId": null,
          "lineNumber": 201,
          "dateCreated": "2021-02-03T11:22:08.92Z",
          "createdBy": "15770091",
          "dateUpdated": "2021-02-03T11:22:08.92Z",
          "updatedBy": "15770091"
        },
        {
          "cartItemId": 59203873,
          "parentCartItemId": 59203870,
          "productComponentId": 2493,
          "productConfigurationId": 6553,
          "productName": "Digital Download",
          "productTypeId": 3,
          "processingOrderId": null,
          "basePrice": 0,
          "extendedPrice": 0,
          "adjustedPrice": 0,
          "quantity": 1,
          "isPrePaid": false,
          "shouldDisplayOnBill": true,
          "isCancelled": false,
          "productBasePriceId": null,
          "productPriceAdjustment": null,
          "stateId": 5,
          "countyId": null,
          "cartItemSource": "System",
          "sourceOrderItemId": null,
          "lineNumber": 202,
          "dateCreated": "2021-02-03T11:22:08.92Z",
          "createdBy": "15770091",
          "dateUpdated": "2021-02-03T11:22:08.92Z",
          "updatedBy": "15770091"
        },
        {
          "cartItemId": 59203874,
          "parentCartItemId": 59203870,
          "productComponentId": 2499,
          "productConfigurationId": 6579,
          "productName": "Digital Download",
          "productTypeId": 3,
          "processingOrderId": null,
          "basePrice": 0,
          "extendedPrice": 0,
          "adjustedPrice": 0,
          "quantity": 1,
          "isPrePaid": false,
          "shouldDisplayOnBill": true,
          "isCancelled": false,
          "productBasePriceId": null,
          "productPriceAdjustment": null,
          "stateId": 5,
          "countyId": null,
          "cartItemSource": "System",
          "sourceOrderItemId": null,
          "lineNumber": 203,
          "dateCreated": "2021-02-03T11:22:08.92Z",
          "createdBy": "15770091",
          "dateUpdated": "2021-02-03T11:22:08.92Z",
          "updatedBy": "15770091"
        }
      ],
      "dateCreated": "2021-02-03T11:22:08.703Z",
      "createdBy": "15770091",
      "dateUpdated": "2021-02-03T11:22:08.703Z",
      "updatedBy": "15770091"
    }
  }