{
    "questionnaireStorageId": 71699,
    "userOrderId": 510429557,
    "answers": "{\"isEntityStateSelected\":false,\"isBusinessNameAvailable\":true,\"professionalPrintSelected\":false,\"businessAddress\":{},\"raDetails\":{\"address\":{}},\"irsContact\":{\"address\":{}},\"isMobile\":false,\"bShowPriceTest\":\"Null\",\"bShowPriceTest1\":\"Null\",\"isChooseEntityNameLater\":false,\"entityName\":\"Bluth\",\"entityState\":\"California\",\"currentView\":\"essentials/registered-agent\",\"bFunnelTest\":\"Null\",\"customerPhoneNumber\":\"\",\"customerEmail\":\"\",\"businessStartTime\":\"soon\",\"isFirstLLC\":true,\"businessPurposeObject\":null,\"businessPurpose\":\"Food\",\"hireEmployees\":\"no\"}",
    "dateCreated": "2021-02-03T11:22:09.277Z",
    "dateUpdated": "2021-02-03T11:22:50.573Z"
  }