{
    "customerId": 15770091,
    "session": [
      {
        "key": "accessToken",
        "value": "AkB4clamOuQAW1aNuSNxYZcpxLdu"
      },
      {
        "key": "iUser",
        "value": "15770091"
      },
      {
        "key": "expiresAt",
        "value": "2/3/2021 11:52:06 AM"
      },
      {
        "key": "bGuest",
        "value": "True"
      },
      {
        "key": "UserName",
        "value": "guest_LZ6374794812647470450_LZ6374794812647472381@legalzoom.com"
      },
      {
        "key": "TIMESTRING",
        "value": "UOkU1/nJPJ4S3pNuXpEmHw=="
      }
    ]
  }